CB_mean,CB_median,CB_std,CB_CV,CB_IQR,CB_MAD,CB_skew,CB_kurt,CP_mean,CP_median,CP_std,CP_CV,CP_IQR,CP_MAD,CP_skew,CP_kurt,APIT_mean,APIT_median,APIT_std,APIT_CV,APIT_IQR,APIT_MAD,APIT_skew,APIT_kurt,APS_mean,APS_median,APS_std,APS_CV,APS_IQR,APS_MAD,APS_skew,APS_kurt,Time_mean,Time_median,Time_std,Time_CV,Time_IQR,Time_MAD,Time_skew,Time_kurt,TNFE,PSE,t,source,label
741.3170731707318,28.0,1177.0100974007416,1.5877283014223336,722.0,0.0,2.465185526058501,7.3961835878306985,1.5284552845528456,1.0,1.2961807766373123,0.8480331676935606,0.0,0.0,3.275007266155743,12.653772844393153,0.8132815801716352,0.99695,0.2797511647135463,0.34397823771504515,0.19185600000000003,0.0030000000000000027,-1.3826541276410282,0.29707977326953117,350.8455284552846,28.0,358.97804431628333,1.0231797620360301,722.0,0.0,0.21257273055451167,-1.9548128342245987,0.9326114390243904,0.99695,0.07468163835302363,0.08007797806034685,0.12811250000000007,0.002950000000000008,-0.48869275129285683,-1.3593692506911272,123.0,2.3809034505372013,2,attack,0
1009.9629629629629,750.0,1398.943772151191,1.3851436373934563,1444.0,694.0,2.642850805847027,9.05411210489777,2.1666666666666665,2.0,1.5325682471259692,0.7073391909812166,1.0,0.0,3.309655758616287,14.436164463039677,0.9753316724965706,0.9986875,0.4648873321480878,0.4766453763960202,0.32669675,0.1570534999999999,0.6015325756359309,-0.1433888907155243,446.9382716049383,750.0,356.32030068946733,0.7972472337397617,722.0,0.0,-0.3252033156282691,-1.8942428035043808,1.6723698641975309,1.884401,0.46693295429077386,0.27920435801133425,0.21111225,0.11352399999999996,-1.1498269010353708,-0.5780828493654449,162.0,2.882318615662637,3,attack,0
1100.5,750.0,1590.531436344469,1.445280723620599,1416.0,666.0,3.7321203347815155,18.5180146627377,2.5052083333333335,3.0,1.9229897399441722,0.7675967361107714,2.0,1.0,3.5978251026401,19.443323098367166,1.2548037127068676,0.999275,0.7325068774180236,0.5837621215176808,0.5525012499999999,0.125361,1.2384799421013488,0.398201430554475,494.2916666666667,750.0,345.30372852107394,0.698582945671902,722.0,0.0,-0.6098495786166451,-1.6280834914611002,2.389601375,2.8573120000000003,0.7847333653269029,0.3283950928120398,1.1423297499999998,0.14136299999999968,-0.9938130350157727,-0.5488431181830324,192.0,3.2151775600093955,4,attack,0
1208.2368421052631,750.0,1861.7048581860488,1.5408443057754853,1388.0,638.0,4.951853455107143,32.23799823086343,2.776315789473684,2.0,2.454491144304658,0.8840821183277442,3.0,1.0,4.001609307041144,25.285725227443812,1.5298198622857695,0.99975625,1.037270188314527,0.6780342012063415,0.922222,0.2952129166666667,1.1960129650170124,0.24258240372212914,534.6666666666666,750.0,330.30625519693416,0.6177797790466351,722.0,0.0,-0.8820097371744757,-1.2220588235294112,2.98980122368421,3.808268,1.1709550729587315,0.3916498072456507,2.1199269999999997,0.19130700000000012,-0.7846972292847454,-0.9144035207656271,228.0,3.480805390074425,5,attack,0
1302.584745762712,750.0,2137.8861761422636,1.6412645573324687,1360.0,610.0,5.073358456585319,32.408622469638466,3.1440677966101696,2.0,2.9609762010526572,0.9417660154291471,4.0,1.0,3.5065384935588026,19.994838009143383,1.9672458837299,1.2952925,1.355436059074221,0.6890018529378305,1.86539775,0.5428280000000001,1.0220523993003268,-0.25266857231066764,541.9661016949152,750.0,326.98986487697266,0.6033400684182321,722.0,0.0,-0.9356014857063994,-1.1246498599439785,3.883768745762712,4.8010655,1.2826095154089197,0.3302486835263501,2.12696925,0.19870949999999965,-0.8199873030721992,-0.7132508568851605,236.0,3.4780821572783105,6,attack,0
1412.763779527559,750.0,2467.491333243738,1.7465703530910803,1332.0,582.0,5.676806813202873,41.040850793869275,3.452755905511811,2.0,3.5354966411344533,1.0239636794163638,5.0,1.0,3.691683362097774,22.98570910003355,2.311387331649021,1.466431,1.7203463960224028,0.744291695496596,2.8274913333333336,0.6170500000000001,0.9015651556959201,-0.5584313657511264,556.7086614173228,750.0,319.6792218546738,0.5742307314580009,722.0,0.0,-1.0492309161936282,-0.8991144845034786,4.598771728346457,4.8871555,1.6104243043900959,0.35018574513354744,2.1635015000000006,1.0738969999999997,-0.9521683471421255,-0.2515191769317888,254.0,3.451959559312498,7,attack,0
1489.1386861313867,750.0,2702.896670504274,1.81507383810308,750.0,554.0,5.931979306658306,43.93151743819042,3.6824817518248176,2.0,4.006097502379605,1.0878797974747392,6.0,1.0,3.5694472150631995,21.466535759905636,2.6541202389034306,1.848246,2.077170310420511,0.7826210282314523,2.8764392857142855,0.9801030000000001,0.8416906519537223,-0.7085889137485633,570.8175182481751,750.0,311.870790645861,0.546358127905718,0.0,0.0,-1.1659797820221935,-0.6404911479154776,5.25290005109489,5.865337,1.9807682241056437,0.37708088957313807,3.0364005,1.1319379999999999,-0.9445031372450081,-0.339673990936733,274.0,3.6295166584494063,8,attack,0
1555.1224489795918,750.0,2917.00018399753,1.8757366572076346,750.0,526.0,6.405795702721395,50.758195080593886,3.880952380952381,2.0,4.449578950245419,1.1465172755233595,7.0,1.0,3.649707543576355,22.471589695681857,2.97616106641648,1.8739065,2.4082330864610886,0.809174313055839,3.8565246875000003,0.9953137222222221,0.8272291667424374,-0.7423189794676444,583.0068027210884,750.0,304.4377777115394,0.5221856353830283,0.0,0.0,-1.274525153740372,-0.3755856324830811,5.8863779863945584,6.841634,2.3445680485122304,0.39830402565573136,3.048889999999999,1.1561409999999999,-0.8835629348132931,-0.5394099088667241,294.0,3.7580626640339827,9,attack,0
1601.7299035369774,750.0,3132.8765704228585,1.9559331217484093,750.0,498.0,6.6178463986476626,53.57346801170015,4.057877813504823,2.0,4.899950193118121,1.2075154596352897,7.5,1.0,3.5749539563288164,21.501834283859207,3.288124466085811,2.2200175,2.769619359919382,0.8423097691360636,4.843258055555555,1.2243458333333332,0.8051485880381446,-0.7573513891053687,592.1350482315113,750.0,298.42444970206714,0.5039803852066361,0.0,0.0,-1.3613834150272321,-0.14663519728879182,6.5210280289389075,7.82185,2.7408477638521975,0.4203091524356144,4.032015000000001,1.1763500000000002,-0.9201840856741482,-0.38595807675408844,311.0,4.037217706705597,10,attack,1
1267.513043478261,750.0,2567.3205601415493,2.0254786121146386,0.0,0.0,9.12024685720117,100.98046040972456,2.845217391304348,1.0,4.336944295504178,1.5242927688966397,1.0,0.0,4.620339838885149,34.12315304635727,2.3006417612540226,0.999695,2.8099379858693236,1.221371372628521,2.4352950000000004,0.649695,1.555982613457098,1.112354819410081,664.6156521739131,750.0,233.14590340975022,0.350798093074013,0.0,0.0,-2.3643190649549863,3.590004640909622,4.308203619130435,2.855787,4.032236689495616,0.9359438517693555,8.2547265,2.6557869999999997,0.3287263638679409,-1.6582873965787241,575.0,7.141847238277689,11,attack,1
1143.1077636152954,750.0,2286.9521959237154,2.000644443784368,0.0,0.0,11.380113720178244,158.10001028207773,2.3707995365005794,1.0,3.9926560840169203,1.6840968721928653,0.0,0.0,5.619436715788236,50.03228255991531,2.198708033816531,1.2100658888888889,2.6478768274744313,1.2042876028784189,1.2,0.6100658888888889,2.0883586504203926,3.360816824549671,693.1100811123986,750.0,194.52007239822407,0.2806481649870558,0.0,0.0,-3.1267732667693067,7.7767110617832,3.7230500799536497,1.6,3.9847442553284136,1.0702902646364676,6.9997315,1.05,0.9116183081506699,-0.8973710576420095,863.0,8.531100969282146,12,attack,1
1071.372112917023,750.0,2140.0405437208265,1.9974764303824761,0.0,0.0,13.457789370453296,219.67373403168514,2.1103507271171944,1.0,3.8029708746224427,1.8020563244562768,0.0,0.0,6.551742573539824,67.16083601278615,2.371840178635506,1.65,2.571276050867991,1.0840848696421097,1.75,0.8203699999999999,2.321446625394788,4.988761901161239,708.0017108639863,750.0,168.99381191584996,0.23869124794857344,0.0,0.0,-3.775306412081318,12.252938505102316,3.6370512994011976,2.0,3.882031767066706,1.0673568909258557,3.8822459999999994,1.05,1.2647271315051871,0.014376381790234039,1169.0,9.293052569510637,13,attack,1
1030.2049861495846,750.0,2077.5491292803345,2.0166366472804826,0.0,0.0,14.962200125671338,268.9076784764252,1.971606648199446,1.0,3.7377533982023183,1.8957906241672453,0.0,0.0,7.201256042734163,79.90926949368318,2.710687396833743,2.125,2.5779804975123137,0.9510430824755229,2.3000240384615385,1.1250788461538461,2.2916076959783473,5.56330632496895,716.0,750.0,152.94443435444128,0.21360954518776715,0.0,0.0,-4.276062759396572,16.28471272229822,3.8575103074792243,2.55,3.8470117442423244,0.997278409543963,2.5,1.2499999999999998,1.4354127363851201,0.6973464305030399,1444.0,9.862902790145963,14,attack,1
1009.1582608695652,750.0,2045.9903468958933,2.027422681089601,0.0,0.0,16.625873631846797,334.3992917135618,1.8846376811594203,1.0,3.7089818829236,1.968007920037899,0.0,0.0,7.934327866295248,97.80938853204157,3.0927561485271395,2.65,2.6627011711522774,0.8609476606878086,2.8,1.4,2.100635748383557,5.317258642337576,721.5385507246377,750.0,140.49595112300415,0.19471717898081084,0.0,0.0,-4.733781266529176,20.408685079342547,4.155880811594202,3.05,3.86422784511942,0.929821623935624,2.9999999999999996,1.4999999999999998,1.507607407775411,1.194713119360463,1725.0,10.24253348235629,15,attack,1
999.6195652173913,750.0,2022.4471058548947,2.0232168079013793,0.0,0.0,17.51619777826336,374.3826159537329,1.825098814229249,1.0,3.6876627036013185,2.0205276968297423,0.0,0.0,8.363848749051881,108.38144472981722,3.4713902157064602,3.05,2.7895377273259787,0.8035794174635252,3.3624595,1.6999999999999997,1.8514314114326744,4.6817338750118385,725.7430830039526,750.0,130.09648745832112,0.17925970016804496,0.0,0.0,-5.176820521181789,24.799470708528837,4.477840648715415,3.65,3.923142552748517,0.8761237526114227,3.5,1.7547035000000002,1.5121329018322713,1.5137688403058256,2024.0,10.490816736850233,16,attack,1
979.1737417943107,750.0,2014.6954533660391,2.057546446940215,0.0,0.0,18.958325209294014,436.4804284379528,1.7706783369803063,1.0,3.705211626091808,2.092537954923327,0.0,0.0,8.92387625191007,123.15609291139107,3.9361859544384856,3.6,2.9480926222796313,0.7489718871018607,3.7,1.85,1.5967710351361977,3.863152341132756,728.5137855579869,750.0,122.68410417036637,0.16840327060715748,0.0,0.0,-5.534764065057982,28.633613255857156,4.912253639824945,4.15,4.015371285267876,0.8174193719791247,4.0,2.0,1.4582046806958393,1.6149919418077392,2285.0,10.697576374723205,17,attack,1
972.3874709976798,750.0,2031.0443193031826,2.088719137052753,0.0,0.0,20.35505243911562,498.6515341517739,1.7331786542923433,1.0,3.7328568330314256,2.1537634471707423,0.0,0.0,9.60836416100377,141.76798244622557,4.3497753532974,4.0,3.1478921650367657,0.7236907447761567,4.300000000000001,2.15,1.3434675648847165,2.983397805364791,731.0146945088941,750.0,115.52899523491011,0.15803922424914332,0.0,0.0,-5.920845997378591,33.05641732467411,5.290398888244392,4.6,4.146320836090632,0.7837444630695095,4.5,2.2499999999999996,1.3722929619614843,1.600964705463487,2586.0,10.799093687869771,18,attack,1
963.4969072164948,750.0,2010.9968832455768,2.087185613345941,0.0,0.0,21.667100239700666,564.2255142486617,1.69553264604811,1.0,3.7227932610798837,2.1956482346458173,0.0,0.0,10.125937024981061,157.05693365655117,4.737533082557909,4.4,3.358558788628941,0.7089256644970116,4.9227574999999995,2.45,1.1328118983612432,2.2067623360404527,733.1285223367697,750.0,109.07135331658519,0.1487752147044174,0.0,0.0,-6.310154075707102,37.818044459162955,5.655675225429554,5.0,4.301473649274349,0.7605588153176968,5.15,2.55,1.2769395821552667,1.5013943411828476,2910.0,10.85077669712775,19,attack,1
958.019454032005,750.0,2021.9661343001321,2.110568972049897,0.0,0.0,23.031688979716044,640.9156603354044,1.6733605271415124,1.0,3.7591001729214177,2.2464376994375694,0.0,0.0,10.67440749964428,176.0302308534512,5.211208798675819,4.85,3.566661125746266,0.6844210745600068,5.4410487142857145,2.7,0.9727441180179884,1.6396192148368334,734.5949168497019,750.0,104.33193877067376,0.14202649157728936,0.0,0.0,-6.624911238529463,41.889448918393924,6.124624178537809,5.55,4.456965961720456,0.7277125635461457,5.5023005000000005,2.750000000000001,1.1818271861902454,1.3549465694191003,3187.0,10.956552433451094,20,attack,1
950.2291183294664,750.0,2018.377854724468,2.1240959846324663,0.0,0.0,24.098772535231937,702.6294011525083,1.652262180974478,1.0,3.7871922989184688,2.2921255128437563,0.0,0.0,11.002758490005002,187.18282878747624,5.704820942238801,5.4,3.77991677604547,0.6625828951192425,5.751559,2.8750000000000004,0.83235905620458,1.167658564500722,735.7610208816706,750.0,100.38821841780864,0.13644133838119385,0.0,0.0,-6.90840073360951,45.72600069613642,6.625159034802785,6.05,4.627454491318375,0.6984669299272335,6.012500000000001,3.000000000000001,1.0803737150949397,1.1769853540930582,3448.0,11.058706104784413,21,attack,1
940.6904697986578,750.0,2020.909203856354,2.1483253724138427,0.0,0.0,25.518097806687496,791.3186727968493,1.6287248322147652,1.0,3.817709578744616,2.3439868437157894,0.0,0.0,11.491972763525418,205.90573493895113,6.185374403163103,5.85,4.023531714095019,0.6504912155418511,6.279070000000001,3.0999999999999996,0.7115599776650612,0.7590698883113909,736.819865771812,750.0,96.65578603724987,0.13117966890863322,0.0,0.0,-7.1970831759159655,49.798006241052626,7.098791595167786,6.65,4.824531928207706,0.6796272102834813,6.3999999999999995,3.1999999999999993,0.9749736888038039,0.9743149761501835,3725.0,11.147464014665,22,attack,1
934.0805970149254,750.0,2039.6163426843093,2.1835549835874803,0.0,0.0,26.64456603108055,860.1093814496427,1.608955223880597,1.0,3.859319585712197,2.3986494642181557,0.0,0.0,11.969577992665359,222.92373050425044,6.640484012796007,6.3,4.2835121462773955,0.6450602302517708,6.8116572500000006,3.3999999999999995,0.6133811840315365,0.4190693412453057,737.7870646766169,750.0,93.10522817903112,0.1261952569198818,0.0,0.0,-7.492319636571592,54.134853536556264,7.5459368783582095,7.1,5.043187801247691,0.6683315647274473,6.95,3.4999999999999996,0.8753855474241409,0.7647148924842351,4020.0,11.180491374988724,23,attack,1
928.4313084112149,750.0,2053.5949367975036,2.2118975504086924,0.0,0.0,27.706618232047017,931.6793308213962,1.594859813084112,1.0,3.9050496579192076,2.4485221998087034,0.0,0.0,12.33753597868638,237.49889863950133,7.151666233845431,6.835977,4.528799512595551,0.6332509606171076,7.3500000000000005,3.6359769999999996,0.5354563784162524,0.16890633972016378,738.5289719626169,750.0,90.28010721502396,0.12224314907390497,0.0,0.0,-7.743211273113112,57.95732082006597,8.058683703504673,7.6,5.250196536928563,0.6514955456863611,7.45,3.7499999999999996,0.7905061394483403,0.5856531488459416,4280.0,11.23108414263214,24,attack,1
924.7618838028169,750.0,2057.441053780047,2.2248333217621523,0.0,0.0,28.35085269885881,976.4737982227757,1.5838468309859155,1.0,3.940134496407285,2.4876992012886903,0.0,0.0,12.512997191319423,243.4515015174806,7.649141682638369,7.35,4.779475480495086,0.6248381424733307,7.75,3.8499999999999996,0.4671248944418255,-0.034846765524824797,739.1954225352113,750.0,87.65937505700599,0.11858755125452684,0.0,0.0,-7.98991373843299,61.83872154760027,8.563189226452465,8.075,5.472501620790069,0.6390728356072078,7.95,3.9750000000000014,0.709185991870773,0.4137532078216073,4544.0,11.274667213972382,25,attack,1
919.8855359001041,750.0,2074.122681629136,2.2547617074983313,0.0,0.0,29.238474993598505,1041.6607610769343,1.5721123829344432,1.0,3.987865649304376,2.5366288648275783,0.0,0.0,12.825382978259539,256.38195356849593,8.158033787611565,7.860439,5.039411573508139,0.6177237928532203,8.15,4.039561,0.40793530713306203,-0.20363019531656512,739.7823100936524,750.0,85.28054247810962,0.11527788825784922,0.0,0.0,-8.226549688838892,65.67611978293532,9.072326351716962,8.75,5.702712033684639,0.6285832114720372,8.4,4.2,0.6347361162701134,0.2563970219371807,4805.0,11.318593293410894,26,attack,1
917.6661404893449,750.0,2094.298484996827,2.2822008926689215,0.0,0.0,30.26475964914437,1124.6656083852808,1.5643251775848461,1.0,4.037903241440422,2.5812428894576263,0.0,0.0,13.201958040182037,274.08321914942906,8.656474417126999,8.45,5.302776125593755,0.6125791944930966,8.6,4.299999999999999,0.3566408505632729,-0.3423585739792947,740.312549329124,750.0,83.06920418465482,0.11220828859369286,0.0,0.0,-8.45831021922854,69.54301176470592,9.577068203433308,9.225,5.9429681660708775,0.6205414892984021,8.85047925,4.425,0.5668102944209216,0.11184754344138925,5068.0,11.35672455937989,27,attack,1
913.7882882882883,750.0,2116.909652701474,2.316630317802472,0.0,0.0,31.363403670582958,1210.7985289181308,1.5549924924924925,1.0,4.09074724995406,2.63071832803322,0.0,0.0,13.606134196168972,292.6288908911296,9.165526128896166,8.95,5.571132092984248,0.6078354929806083,9.0625,4.549999999999999,0.3132722508544666,-0.45747594452724094,740.7852852852853,750.0,81.04389586360247,0.10940268047088907,0.0,0.0,-8.681351791807806,73.36586893312462,10.086539349662162,9.85,6.187860656093528,0.6134770748999044,9.35,4.65,0.5062418319030858,-0.017204916596733177,5328.0,11.397377957754482,28,attack,1
909.9564207894267,750.0,2136.53090018334,2.3479485955270323,0.0,0.0,32.482662359469685,1303.0215225307693,1.5454545454545454,1.0,4.138437172248085,2.6778122879252315,0.0,0.0,14.012705543706234,312.1739053422308,9.655861045719025,9.45,5.850612300458382,0.6059130586859761,9.55,4.799999999999999,0.2767866940073986,-0.5573618892606742,741.2312913020182,750.0,79.0829781161078,0.10669136481973622,0.0,0.0,-8.907891424748334,77.35052963510483,10.57604642364708,10.45,6.447017527430938,0.60958672732525,9.85,4.949999999999999,0.45158710780015093,-0.13752849618264218,5599.0,11.432198533025105,29,attack,1
789.4583333333334,750.0,1010.778583808596,1.2803444350771258,909.5,722.0,1.6202814585190783,2.3314907211809093,1.5138888888888888,1.0,1.060569233367361,0.7005594936004588,1.0,0.0,2.356178129238443,5.2405561778818885,0.77627454375,0.859238,0.279473696933742,0.36001914423687037,0.5123409999999999,0.13903700000000002,-1.0114303154134734,-0.5223941611846339,409.05555555555554,750.0,360.4424707097626,0.8811577445030186,722.0,0.0,-0.11128297681493113,-1.9876160990712075,0.9144990763888887,0.894536,0.08246860095642125,0.09017898769462689,0.15322799999999992,0.102489,-0.2248577252848957,-1.51262015636294,144.0,2.480080762623302,2,baseline,0
1170.7539267015707,750.0,1515.6050187815376,1.2945547174473588,1444.0,694.0,2.348617081151662,6.474158452830062,2.256544502617801,2.0,1.7068223427760785,0.7563876275411392,1.0,1.0,2.863487393056963,9.743708278581611,0.9818752123535278,0.9986,0.5010900462623789,0.5103398476281724,0.25008550000000007,0.170941,0.382508051633701,-0.5386738162904106,492.9528795811518,750.0,345.70912459289616,0.7013025766004968,722.0,0.0,-0.6013892731559556,-1.638330942132952,1.648989287958115,1.859901,0.4705975175445188,0.28538543032456143,0.24424200000000007,0.13769900000000002,-1.1055854549481803,-0.6544674631793086,191.0,2.9390769156245824,3,baseline,0
1188.4769874476988,750.0,1586.7275627079255,1.3350932154904283,1416.0,666.0,3.273530598177811,13.53621346671882,2.418410041841004,2.0,1.9514601290349154,0.8069186346701467,2.0,1.0,3.088741556620777,13.531428149145288,1.2588744626035748,0.9992666666666666,0.7396038806493532,0.5875120217465701,0.5851205,0.1693796666666666,1.1542158649012613,0.21511256894153874,544.5774058577406,750.0,325.7555383820448,0.5981804145343877,722.0,0.0,-0.9551788843281614,-1.0876332989336075,2.2885284853556485,2.824842,0.8331112285722088,0.3640379544774332,1.1814829999999998,0.17395800000000028,-0.7889552017811897,-1.0040377548516306,239.0,3.2852688827929253,4,baseline,0
1266.3243243243244,750.0,1789.3416799788365,1.4130200657194039,1388.0,638.0,4.005241152697577,19.84381405441005,2.7142857142857144,2.0,2.3569966024592426,0.8683671693270893,3.0,1.0,3.1566331489015704,14.702966480892773,1.6514802246703255,0.9999875,1.0225488574477253,0.6191711182323423,0.9282548749999999,0.50038125,1.01766381703851,-0.07291466260079371,560.4401544401544,750.0,317.6936786364122,0.566864590482045,722.0,0.0,-1.0792796078033449,-0.8351555281798557,3.1015384633204635,3.800271,1.028751481673384,0.3316907057061021,2.075419,0.1990289999999999,-0.8425527004391782,-0.6486935061809098,259.0,3.487193880536572,5,baseline,0
1355.423076923077,750.0,2132.6576535299246,1.5734258106120156,1360.0,610.0,4.5264336034218555,24.38484762203824,3.0846153846153848,2.0,2.9418325408195574,0.9537112975225497,4.0,1.0,3.159235136245619,14.815405432526603,2.156968119293373,1.849116,1.350272861289683,0.6260050156569005,1.86026975,0.8497110000000001,0.7407783019409999,-0.6576720018982307,561.1692307692308,750.0,317.2991584866422,0.565425082290595,722.0,0.0,-1.0852170651217088,-0.8223039215686256,4.089035946153847,4.7992975,1.046300225956234,0.2558794394899819,2.0785549999999997,0.20002750000000002,-0.8772730549342403,-0.49542376812951927,260.0,3.4874119300798405,6,baseline,0
1427.7056603773585,750.0,2450.18704641519,1.7161709968759093,1332.0,582.0,5.111837038421598,30.914175132220713,3.4075471698113207,2.0,3.509547573734158,1.0299336733549855,5.0,1.0,3.278831659977636,16.422667723153857,2.624615818023418,1.9612263333333333,1.7191656464456613,0.6550161111733124,2.858782333333333,0.9617096666666667,0.557226554493669,-1.007155495835371,564.7320754716981,750.0,315.3398764038722,0.5583884643713242,722.0,0.0,-1.1145566331524064,-0.7577635114959693,5.009727928301888,5.790811,1.183704569142856,0.2362812084975018,2.088604,0.20863900000000069,-1.237969869139105,1.141373802286906,265.0,3.4870260976749377,7,baseline,0
1481.9793103448276,750.0,2629.8183101498716,1.7745310557257135,750.0,554.0,5.8237597821222336,40.851465754764725,3.579310344827586,2.0,3.9201846640480866,1.095234636391084,6.0,1.0,3.4774340548123104,19.267541701875235,2.8552857363095945,2.2568941666666666,2.0827511276214086,0.7294370231097526,3.845421107142857,1.2573263095238096,0.6126779909680552,-1.029600436618266,580.7034482758621,750.0,305.89342575338867,0.5267635772813158,0.0,0.0,-1.253400250781548,-0.4289878113407535,5.565645306896552,5.887930000000001,1.8359793929555135,0.3298771825578785,2.038334250000001,1.029411500000001,-1.4676309221094233,1.2226112428324258,290.0,3.6699861982133553,8,baseline,0
1485.111801242236,750.0,2849.1093857288647,1.9184477447056174,750.0,526.0,6.7143391738851195,54.2772443625608,3.630434782608696,2.0,4.389082212502625,1.2089687531444357,5.75,1.0,3.8220873603515524,23.58092898936836,3.1211857534944896,1.97323175,2.416280727364147,0.7741547341932057,4.825509187500001,1.09768525,0.697276417248836,-0.9679550966787316,597.527950310559,750.0,294.681343045801,0.4931674625306538,0.0,0.0,-1.4152775887012872,0.0030106530801292664,5.999700161490683,6.8486735,2.4369056848860247,0.40617124511111435,3.000205750000001,1.0367359999999994,-1.124320280149325,-0.1817197094365146,322.0,3.8631431148901436,9,baseline,0
1557.9386503067485,750.0,3122.683405771058,2.004368660573522,750.0,498.0,6.9537053938805355,57.92813352049253,3.911042944785276,2.0,4.895979396371015,1.2518347319348635,5.0,1.0,3.796224675869867,23.478350368959287,3.6144434326831165,2.8382880000000004,2.7073521823399394,0.7490370876630889,5.589750805555556,1.8384074444444447,0.678479206910627,-0.9882857619615502,599.398773006135,750.0,293.34852363274797,0.4894046114934998,0.0,0.0,-1.4344628048616994,0.05768353853169339,6.924571791411044,7.844511,2.5139631384428047,0.3630496172429062,3.0042662500000006,1.044877500000001,-1.099103560539105,-0.24718568892178583,326.0,3.8575752492420383,10,baseline,0
1606.340782122905,750.0,3244.729506602728,2.0199508987841077,750.0,470.0,7.273127304838388,63.73729166951563,3.9972067039106145,2.0,5.208769251339329,1.3031023004748288,4.0,1.0,3.816166370507483,23.899301208057288,3.830725379389073,2.8755465,3.0715105485499485,0.8018091208197742,5.8722605,1.875779,0.7119463594122759,-0.914355766513633,612.8603351955308,750.0,283.2093754206322,0.46211079287791623,0.0,0.0,-1.5808822350110816,0.4991886409736339,7.2928876033519545,8.815542,3.1337197149984335,0.4296953258347372,5.98921525,1.1814829999999992,-0.9289898094256631,-0.6442717066502435,358.0,4.033739527353851,11,baseline,0
1631.0792838874681,750.0,3351.2456242602198,2.0546184709506923,750.0,442.0,7.759235519088739,73.4367662719953,4.043478260869565,2.0,5.503372802052984,1.3610491876045012,3.0,1.0,3.927098248378622,25.74053167010772,4.0738757856540095,3.2606129999999998,3.38207742035975,0.8301866817514663,4.44061915909091,2.2607129999999995,0.764923381454277,-0.8148960156756475,624.4347826086956,750.0,273.6630467162058,0.4382572117025995,0.0,0.0,-1.7206180040292127,0.9605263157894712,7.665491332480817,8.878593,3.6416552580799424,0.47507134247862715,6.9702775,2.0824669999999994,-0.7379341739593832,-1.039341941145515,391.0,4.173759386503194,12,baseline,0
1641.5885167464114,750.0,3474.259014050369,2.116400656198708,750.0,414.0,8.154875377879733,80.3193502639205,4.095693779904306,2.0,5.822364949878918,1.4215820964073527,3.0,1.0,3.98632773637086,26.26985221172776,4.413598333046971,2.941021125,3.6750217394495457,0.8326588561384693,4.923330541666666,1.941252375,0.7786014184697443,-0.7637085044534775,632.5454545454545,750.0,266.47065799117155,0.42126720866669837,0.0,0.0,-1.827934500417103,1.341344537815126,8.161938866028708,9.860889,4.009619718025502,0.4912582394747135,6.98792625,2.1365860000000003,-0.613135335281765,-1.2319474768450185,418.0,4.314170763222416,13,baseline,0
1672.5986394557824,750.0,3641.354093268122,2.177063885722709,750.0,386.0,8.57419410226205,89.77865812473773,4.188208616780045,2.0,6.178629449182985,1.4752439561936634,3.0,1.0,4.114883230207653,28.443518735540515,4.7701544363720165,3.6241420000000004,3.965777498627441,0.8313729778618338,5.830857076923078,2.6242420000000006,0.7906374865340172,-0.7236646253022738,638.6712018140589,750.0,260.73989143344266,0.4082537159853871,0.0,0.0,-1.9150978428461196,1.667599747673865,8.729377272108843,10.85061,4.317301419729232,0.4945715238500923,8.958072,2.1474399999999996,-0.5337381994611131,-1.3170696183245916,441.0,4.424864315733719,14,baseline,0
1645.3517786561265,750.0,3640.5166236839204,2.212606854600652,750.0,0.0,9.318039554956098,106.07082675221925,4.031620553359684,1.0,6.291580117725545,1.5605585978280028,2.0,0.0,4.391639389975924,32.193494175223556,4.778434953980386,3.4512739999999997,4.262293708076523,0.8919852941654207,5.908321660714286,2.4682897500000003,0.8770458445095061,-0.543433358966007,652.9723320158103,750.0,246.2511074698646,0.3771233410604941,0.0,0.0,-2.1439280799832705,2.59642761214075,8.587782387351778,10.863098,5.008671229579933,0.5832322017098132,9.95623775,3.135077,-0.3198485720796494,-1.523144166944464,506.0,4.537202308295178,15,baseline,0
1684.6690518783541,750.0,3680.366249608924,2.1846226981527495,750.0,330.0,9.825744383503398,117.22194634020082,4.028622540250447,2.0,6.4369158438062,1.597795717889727,2.0,1.0,4.579222024494333,34.53306005992175,4.937611593439737,3.2927356666666667,4.50775227610907,0.9129418527164447,6.442241833333334,2.3640831666666666,0.9403473799521775,-0.3869457297286676,662.1717352415027,750.0,236.00466746474817,0.3564100593612232,0.0,0.0,-2.3149689213863205,3.359081106984547,8.760020706618961,8.859682,5.408319766826839,0.6173866418763577,11.886968,5.919830000000001,-0.166070362282226,-1.6155318177527922,559.0,4.652137468750076,16,baseline,0
1722.6107142857143,750.0,3866.5981234745136,2.244615159657712,750.0,302.0,10.007757478870104,122.08581877693359,4.194642857142857,2.0,6.831620798140939,1.6286537449803857,2.0,1.0,4.560338901522807,34.60606672786266,5.545352642482743,3.855087,4.749215033130738,0.8564315633864609,6.512957,2.8551854375000003,0.897043867633774,-0.44479347649224144,662.3285714285714,750.0,235.82300999015413,0.35605139225914606,0.0,0.0,-2.3180822892556856,3.3735054997608804,9.74418101607143,9.854399,5.416451000955396,0.5558651868250238,11.887712,5.925749499999999,-0.16409802772376836,-1.6154111830641686,560.0,4.650675407439992,17,baseline,0
1722.5023696682465,750.0,3927.6316425429527,2.2801893986940716,750.0,274.0,10.63824771414202,136.52324298562263,4.080568720379147,2.0,6.958338105239331,1.7052373289262472,2.0,1.0,4.898370327304081,39.13000633916919,5.5201206344548925,3.842066,5.026347393486417,0.9105502807517475,6.918683264705883,2.8884523333333334,0.9527171400104978,-0.2810958155930794,672.4391785150079,750.0,223.56930040311326,0.33247512570108745,0.0,0.0,-2.535582282575868,4.429177511712648,9.600502951026856,9.859163,5.999057922774872,0.624869129604634,12.016166,6.017097000000001,-0.04899848759057953,-1.5814286568316487,633.0,4.7454337998216625,18,baseline,0
1705.4330935251799,750.0,3998.3362044476585,2.344469694899013,750.0,0.0,11.34495929398957,155.75500076988124,3.9942446043165467,1.0,7.119734149351007,1.782498283068786,2.0,0.0,5.216753797119345,44.52814436618772,5.650675388576748,3.9401565,5.259179986543207,0.9307170603314113,7.824176388888889,2.9403120555555557,1.0116614825761436,-0.14553811952992124,679.3582733812949,750.0,214.5065805028675,0.3157488307829499,0.0,0.0,-2.7072201953022446,5.3290411858523274,9.730668171223021,8.839268,6.36419793571636,0.6540350388822745,12.960661000000002,6.984983999999999,0.054374755861254925,-1.5710900850753236,695.0,4.844598663729774,19,baseline,0
1731.7594405594405,750.0,4159.274968862564,2.401762549375172,750.0,218.0,11.590152176282398,161.43633838486568,4.074125874125874,2.0,7.4354162254506075,1.825033505388666,2.0,1.0,5.298912293767422,45.63521089577735,6.12233614450028,4.46149125,5.48190694263189,0.8953946358460422,7.286502333333333,3.42463275,1.0034455083946343,-0.14578833090657506,681.3342657342657,750.0,211.80575317400542,0.3108690753220006,0.0,0.0,-2.7603996714301093,5.61980634603146,10.454902662937062,9.82238,6.48171959594245,0.6199693870819416,12.957649,7.003679000000001,0.07931843205800156,-1.5567476972766938,715.0,4.908920528001713,20,baseline,0
1769.7486033519554,750.0,4352.946628458423,2.459641228259096,750.0,190.0,11.616151057499193,162.7747832354589,4.215083798882682,2.0,7.816405635585761,1.854389143498809,2.0,1.0,5.262534777032434,45.23431590356705,6.747148770786639,4.91847475,5.71722148526192,0.847353701465124,7.922562375,3.4871805,0.9585067530024247,-0.2196682932130889,681.4301675977654,750.0,211.6733263279596,0.31063098816738344,0.0,0.0,-2.763032760629308,5.634350036310819,11.440137603351955,10.3534965,6.489213124450905,0.5672320866621018,12.95759,6.539260500000001,0.07972068415732642,-1.5548764495631349,716.0,4.907765522825601,21,baseline,0
1786.7424657534248,750.0,4477.12952584693,2.5057497718111468,750.0,162.0,11.704318853712573,165.79469958620726,4.293150684931507,2.0,8.106252090201536,1.8881825226059736,2.0,1.0,5.226390429913735,44.71075357298043,7.253996780118554,4.94393025,5.981443481367496,0.8245721169550533,8.149424958333332,3.4797534375,0.9159479555062148,-0.27359763897161704,682.745205479452,750.0,209.8445954935092,0.30735418397577413,0.0,0.0,-2.7996451830329643,5.838013150879686,12.218428050684933,10.875638,6.619383281403093,0.5417540827628827,12.961378000000002,6.089038,0.07202615966986424,-1.5094971777646053,730.0,4.969622583785348,22,baseline,0
1767.5376623376624,750.0,4552.552523272299,2.5756466865047205,750.0,0.0,12.218027858230005,181.25309201355182,4.254545454545455,1.0,8.298498463061879,1.950501775505997,2.0,0.0,5.402391565451509,48.04289632649035,7.533169556864938,5.782883,6.273015403696798,0.8327192632987043,8.499916500000001,3.9212350000000002,0.8969577250318508,-0.27858990805004913,686.2389610389611,750.0,204.86580983775457,0.29853421543945735,0.0,0.0,-2.901791775546755,6.420395508630799,12.576420812987012,11.8387615,7.004444975267385,0.5569505886789556,14.0240775,6.963148,0.04803162231626142,-1.4023665786688964,770.0,5.058023629241514,23,baseline,0
1790.5012987012988,750.0,4722.334977488224,2.6374373371934814,750.0,0.0,12.309292164508264,184.42678713673888,4.371428571428571,1.0,8.657087137105842,1.980379410449049,2.0,0.0,5.377395241198906,47.83312823601105,8.194389792444031,6.435565,6.5104791981027486,0.7945044552440012,8.947467375,4.21443275,0.8497326219518467,-0.35488033315548995,686.2389610389611,750.0,204.86580983775457,0.29853421543945735,0.0,0.0,-2.901791775546755,6.420395508630799,13.576420812987012,12.8387615,7.004444975267385,0.5159272146725912,14.0240775,6.963148,0.04803162231626142,-1.4023665786688964,770.0,5.058023629241514,24,baseline,0
1821.9508408796896,750.0,4895.556662433758,2.6869861428698285,750.0,0.0,12.283714286607097,183.32087576683224,4.491591203104787,1.0,9.009208695728091,2.005794447522412,2.0,0.0,5.330683740968079,46.839688039178,8.809017908098037,6.883757,6.773205126851926,0.7688944667288496,9.554711,4.0427610000000005,0.8007131986169412,-0.42663266576333925,686.4864165588616,750.0,204.50631277045576,0.2979029269006967,0.0,0.0,-2.909312798502896,6.464100959532752,14.523251012936608,13.837246,7.042545268845476,0.48491520683435946,14.024958,6.963688,0.04115183435588587,-1.3862465587888648,773.0,5.054526637882474,25,baseline,0
1839.0967741935483,750.0,5058.547588024864,2.7505608508519397,750.0,0.0,12.429521652995149,187.49548479481408,4.594838709677419,1.0,9.357886400101854,2.0366082448972023,2.0,0.0,5.333944153690207,46.979419325807285,9.447433199402514,7.860684,7.037460497475158,0.744907145564176,9.502514,4.312112,0.7466667365829501,-0.4954494280533095,686.6503225806451,750.0,204.267680918049,0.29748428596137205,0.0,0.0,-2.914316364124786,6.493239870205507,15.485449945806451,14.836046,7.072604144429692,0.4567257760789182,14.0261055,6.963868,0.03363325628929003,-1.36957187083087,775.0,5.052116211154703,26,baseline,0
1881.2670967741935,750.0,5248.666534151682,2.7899635002130023,750.0,0.0,12.285484416441042,183.70282365056983,4.736774193548387,1.0,9.730053339076283,2.054151821788101,2.0,0.0,5.2587004929221495,45.62824720799967,10.052510626302464,8.62529,7.270581621942817,0.7232602771808357,9.47886825,4.662384666666666,0.6972193533841878,-0.5402308154516353,686.6503225806451,750.0,204.267680918049,0.29748428596137205,0.0,0.0,-2.914316364124786,6.493239870205507,16.48544994580645,15.836046,7.072604144429692,0.4290209953431579,14.0261055,6.963868,0.03363325628929003,-1.3695718708308697,775.0,5.052116211154703,27,baseline,0
1908.3943298969073,750.0,5410.3933812968,2.835050019033054,750.0,0.0,12.29324445290471,183.88315866474323,4.855670103092783,1.0,10.076884531964703,2.075281952442837,2.0,0.0,5.216042357486409,44.851054699913284,10.693012999814146,8.9573965,7.555674413045375,0.7065991982967476,10.012880325,4.8744905,0.6404138393786089,-0.6052049083787514,686.7319587628866,750.0,204.1486731066719,0.29727562624933834,0.0,0.0,-2.9168150273238918,6.507809903622473,17.464012706185567,16.835518999999998,7.09319559192587,0.4061606980744772,14.025510250000004,6.963366499999998,0.025742133420941976,-1.3512578331696337,776.0,5.0508881545985265,28,baseline,0
1930.0454545454545,750.0,5544.927363147361,2.8729516965978648,750.0,0.0,12.519430539898517,190.58787521041808,4.921717171717172,1.0,10.355861712035171,2.104115565913765,2.0,0.0,5.289281257058636,46.14881926477537,11.077457849015932,9.418828,7.91518378206894,0.7145307064086086,10.96499225,5.420422,0.6034997720095956,-0.6534423840712003,688.010101010101,750.0,202.27199384474653,0.29399567469689936,0.0,0.0,-2.956515089672826,6.740981475463117,18.10863676262626,16.8827595,7.4446059293649,0.41110802690181203,14.05419075,6.022351999999999,-0.10139898114658222,-1.0718971330243994,792.0,5.1116253605231,29,baseline,0
1960.6775818639799,750.0,5719.257010747866,2.916979856173331,750.0,0.0,12.447002659985078,188.71331496008864,5.040302267002519,1.0,10.708803690559554,2.124635214968587,2.0,0.0,5.239904459782336,45.24712997902737,11.700735013924938,9.772575833333335,8.209703294101068,0.7016399640134381,11.90489555,5.841314333333335,0.558736540699366,-0.711698509011987,688.1662468513854,750.0,202.04097788531894,0.29359326879185227,0.0,0.0,-2.9614412876302345,6.770134500081024,19.062752064231738,17.881708,7.49108107474648,0.3929695486520185,14.05610125,6.0220305,-0.11711699025839273,-1.0390563115457363,794.0,5.1090964380198844,30,baseline,0
1994.6037735849056,750.0,5882.168122736437,2.9490409075905855,750.0,0.0,12.419088692996008,188.22544887515807,5.166037735849057,1.0,11.052651750397148,2.139483355628374,2.0,0.0,5.19679185700474,44.52368035817276,12.333936082284994,9.961573,8.511430951382287,0.6900822977027665,12.571318666666668,5.902941,0.5126839577609763,-0.7659600334830072,688.2440251572327,750.0,201.9257621198877,0.2933926844824505,0.0,0.0,-2.9639014062956965,6.784711546241606,20.038604818867924,18.881121,7.517225695904648,0.3751371796516786,14.0570315,6.021897000000001,-0.12706571415791823,-1.016823232803767,795.0,5.107810801909615,31,baseline,0
1976.6571428571428,750.0,5823.772852269389,2.9462736485759304,750.0,0.0,12.67472347789658,195.60391996346763,5.086904761904762,1.0,11.067039004370727,2.17559390678011,2.0,0.0,5.2293800972419255,44.62928313894958,12.278395346883022,10.275163500000001,9.012689195918684,0.7340282619427655,12.9379835,6.5526571250000005,0.5062734561953258,-0.7998261806479148,691.552380952381,750.0,196.9341432561793,0.2847711159420328,0.0,0.0,-3.0726249491314426,7.4410240780249985,19.957754763095238,18.886732000000002,8.609314806163985,0.4313769213200198,14.08074975,5.979319999999998,-0.39092822535380234,-0.5843715706256476,840.0,5.183608562638379,32,baseline,0
2013.7785714285715,750.0,6000.246221417589,2.97959582376578,750.0,0.0,12.734574321853753,197.42570006381635,5.21547619047619,1.0,11.421262481792658,2.1898791336922696,2.0,0.0,5.234438721884695,44.76821816705795,12.908605101003216,10.868678,9.295855431751418,0.7201285777213042,13.583904083333334,6.955662000000002,0.48321966484043444,-0.8445641499925118,691.552380952381,750.0,196.9341432561793,0.2847711159420328,0.0,0.0,-3.0726249491314426,7.4410240780249985,20.957754763095238,19.886732000000002,8.609314806163985,0.410793756463084,14.08074975,5.979319999999998,-0.39092822535380234,-0.5843715706256476,840.0,5.183608562638379,33,baseline,0
2046.4357142857143,750.0,6147.453530540354,3.003980768917559,750.0,0.0,12.469359054208585,188.55308853643015,5.338095238095238,1.0,11.749568429378332,2.201078831551695,2.0,0.0,5.1061816082671765,42.04746849684203,13.556739342635105,11.8582365,9.58470739964824,0.7070068367771097,14.243511083333333,7.256142866666667,0.4538316076016489,-0.88756249370519,691.552380952381,750.0,196.9341432561793,0.2847711159420328,0.0,0.0,-3.0726249491314426,7.4410240780249985,21.95775476309524,20.886732000000002,8.609314806163985,0.3920853884675769,14.080749750000003,5.979319999999998,-0.3909282253538035,-0.5843715706256476,840.0,5.183608562638379,34,baseline,0
2072.842857142857,851.0,6318.4479026985455,3.0482040068429015,750.0,101.0,12.442192491031022,187.63249392437316,5.4523809523809526,1.5,12.101952579473597,2.219572088811751,2.0,0.5,5.078078753107364,41.50244129957282,14.20068391154071,12.831546,9.871250014399884,0.6951249725640078,14.90467425,7.977175500000001,0.4274950266415318,-0.9209650991706329,691.552380952381,750.0,196.9341432561793,0.2847711159420328,0.0,0.0,-3.0726249491314426,7.4410240780249985,22.95775476309524,21.886732000000002,8.609314806163985,0.3750068286295802,14.080749750000003,5.979319999999998,-0.3909282253538035,-0.5843715706256476,840.0,5.183608562638379,35,baseline,0
2019.0486486486486,750.0,6135.078383411763,3.038598593212688,750.0,0.0,13.010181535554915,205.04997425800758,5.205405405405405,1.0,11.87270196133439,2.280840979072546,2.0,0.0,5.267170906074801,44.23924054320642,13.536365110516542,11.4359425,10.524553750762296,0.7775022071904415,17.008533,8.114890833333332,0.47580358763556996,-0.9318709042515616,696.9232432432433,750.0,188.42578451624516,0.2703680589549227,0.0,0.0,-3.2683769265845437,8.682287734230215,21.83372938054054,21.849805,10.577967225623023,0.48447826027608043,15.029071999999996,7.0354990000000015,-0.5396909976101508,-0.6193576012297606,925.0,5.24140969672337,36,baseline,0
2045.093851132686,750.0,6225.37089270268,3.0440514450007883,750.0,0.0,12.934855204237582,202.1154783323212,5.3063646170442285,1.0,12.136716359017552,2.287199850540612,2.0,0.0,5.180548792533496,42.42589100433531,14.148403010057132,11.613625666666666,10.796353165823403,0.7630792788521089,17.84561657142857,8.330241666666666,0.4683423570587632,-0.9645653386749582,697.0377562028048,750.0,188.2385209077606,0.27005498516064913,0.0,0.0,-3.272845055489438,8.711514757241662,22.786375140237322,22.848345,10.615512332108041,0.4658710420931602,15.485329999999998,7.039048000000001,-0.5385202569496161,-0.6282218353229552,927.0,5.239155695634267,37,baseline,0
2057.9423076923076,750.0,6286.012748511522,3.0545135910833183,750.0,0.0,12.860939884895409,198.89883536707762,5.369658119658119,1.0,12.354888401134403,2.3008705816676884,2.0,0.0,5.098789909226579,40.56475731813219,14.661718579707756,11.943188166666665,11.094759027777286,0.7567161357968468,18.882240875,8.888832833333334,0.464664019146839,-0.9890188625330909,697.5470085470085,750.0,187.40262409233293,0.2686594907527349,0.0,0.0,-3.2928782085248502,8.843046896177821,23.56611672970086,23.842595,10.798262458624981,0.45821136263047146,15.945130499999998,7.9564645,-0.5373093292021944,-0.657666053152481,936.0,5.272788539453404,38,baseline,0
2085.0224119530417,750.0,6396.433264440015,3.0678007237574354,750.0,0.0,12.809840957576345,197.2651681796163,5.473852721451441,1.0,12.639894212828684,2.30914035434207,2.0,0.0,5.040420528632176,39.44925741434822,15.273730810787466,12.423644,11.359655331828925,0.7437380868206657,19.557864571428574,8.606918,0.4547469205116071,-1.0097490104721807,697.6029882604056,750.0,187.3104258623849,0.2685057676279112,0.0,0.0,-3.295096755448446,8.857662627766883,24.540846341515476,24.842066,10.820154914956444,0.4409039021874363,15.944770000000002,7.956630999999998,-0.5376624987445138,-0.6596252593282368,937.0,5.271619772356644,39,baseline,0
2057.0190571715148,750.0,6310.397759594144,3.0677390846690544,750.0,0.0,13.097452448065399,206.05667720279547,5.341023069207623,1.0,12.567971749576934,2.3531019407189113,2.0,0.0,5.129735552259935,40.43772827569644,15.011312832046285,11.877716,11.84810354960432,0.7892783051133864,20.047247000000002,9.937712000000001,0.49335905662448226,-0.9988137588510431,700.7562688064193,750.0,182.0138150248482,0.2597391177603988,0.0,0.0,-3.4256330352051436,9.734961691888802,24.054386632898694,25.813857,12.022317801947924,0.4997973128737045,18.00508,7.972860999999998,-0.5174563787956169,-0.8324775638177879,997.0,5.342712566288873,40,baseline,0
2083.7813440320965,750.0,6447.769213287372,3.0942638159966447,750.0,0.0,13.058686495077636,204.8808250772048,5.44332998996991,1.0,12.875612308600997,2.3653925689469677,2.0,0.0,5.097417946761952,39.829756190849906,15.676565979427508,12.874526,12.097641174639419,0.7717022459201369,20.062277,9.974530999999999,0.48306630113096255,-1.019875249097523,700.7562688064193,750.0,182.0138150248482,0.2597391177603988,0.0,0.0,-3.4256330352051436,9.734961691888802,25.054386632898694,26.813857,12.022317801947924,0.47984881761828985,18.00508,7.972860999999998,-0.5174563787956169,-0.8324775638177879,997.0,5.342712566288873,41,baseline,0
2067.8171318575555,750.0,6467.305585284375,3.127600349976153,750.0,0.0,13.323665410111762,213.5753256729491,5.378248315688162,1.0,12.95161456863543,2.408147375950646,2.0,0.0,5.197412937948052,41.35191997784522,15.708179298077159,12.39986,12.488087781714867,0.7950054264559825,21.9201265,9.6833045,0.5096347960859433,-1.0100151748849837,702.7468719923003,750.0,178.56063484163343,0.2540895476850872,0.0,0.0,-3.5141773803678977,10.349442660689386,25.035663131857557,26.874167,12.780016517651045,0.5104724588416689,22.488834500000003,10.980336999999999,-0.48367395260786655,-0.9523506589606785,1039.0,5.411395484157627,42,baseline,0
2084.113570741097,750.0,6614.274729471012,3.173663288953595,750.0,0.0,13.435853685054662,217.09301804447938,5.46390760346487,1.0,13.267166464663337,2.428146196368717,2.0,0.0,5.217808135470987,41.77687897011149,16.383459821716148,12.89986,12.726024817625508,0.7767605228754711,22.206040595238093,9.9333045,0.5007784136761303,-1.0263210936685354,702.7468719923003,750.0,178.56063484163343,0.2540895476850872,0.0,0.0,-3.5141773803678977,10.349442660689386,26.035663131857557,27.874167,12.780016517651045,0.49086579638577593,22.488834500000003,10.980336999999999,-0.48367395260786655,-0.9523506589606785,1039.0,5.411395484157627,43,baseline,0
2081.829867674858,750.0,6715.221208028543,3.225634002229298,750.0,0.0,13.720601815052822,226.7871518792684,5.475425330812855,1.0,13.48337424247955,2.462525452881644,2.0,0.0,5.312632301926476,43.57230022178039,16.75542811796293,12.936942,13.035047561575134,0.7779596838591488,22.012193999999997,9.987509333333334,0.5084385141622977,-1.026727366597933,703.5954631379963,750.0,177.06127349872315,0.25165209665940685,0.0,0.0,-3.5535208453164677,10.627510398098655,26.56584383931947,28.865403999999998,13.132636919802561,0.4943429239151538,22.740843500000004,11.009429500000003,-0.47234566667366534,-0.9890049535000256,1058.0,5.461992653855868,44,baseline,0
2077.947128532361,750.0,6749.080318246728,3.2479557470808,750.0,0.0,14.120635277314094,240.48186190149886,5.434822242479489,1.0,13.573648319662187,2.497533077267598,2.0,0.0,5.455368941848291,46.134301841188446,16.814265621282676,13.4429205,13.400525620444238,0.7969735891101011,22.710401500000003,10.4177355,0.5340643349184312,-1.0061612452626887,705.2452142206016,750.0,174.09757173081357,0.2468610466548386,0.0,0.0,-3.632965251342782,11.198436517464126,26.616107740200547,29.837525,13.813194755859042,0.518978766192617,24.007298,11.998598000000001,-0.44205523539813557,-1.0680040868552194,1097.0,5.52355914548409,45,baseline,0
2106.3719234275295,750.0,6891.395065131217,3.271689576035273,750.0,0.0,14.180541918948022,243.22197465869607,5.533272561531449,1.0,13.877279409916012,2.5079696067014607,2.0,0.0,5.462365545115275,46.44152269949325,17.464616955278686,13.9399815,13.646936529142966,0.7814048578384752,23.383973500000003,10.508666999999999,0.5281150005407159,-1.0202795470864323,705.2452142206016,750.0,174.09757173081357,0.2468610466548386,0.0,0.0,-3.632965251342782,11.198436517464126,27.616107740200547,30.837525,13.813194755859042,0.5001861553339497,24.007298,11.998598000000001,-0.44205523539813557,-1.0680040868552194,1097.0,5.52355914548409,46,baseline,0
2132.091891891892,750.0,7019.542665387505,3.292326513731441,750.0,0.0,14.189731494544452,243.0249546082249,5.595495495495496,1.0,14.125479421903822,2.524437636179881,2.0,0.0,5.483712986273116,46.60504251927275,17.928480192379133,14.431766249999999,13.941345689383608,0.7776088960016623,23.920108875,10.54701025,0.5265436790440277,-1.0233164018616858,705.7693693693693,750.0,173.1420417730253,0.24532382572473221,0.0,0.0,-3.659069352833754,11.38878852884723,28.290825496396394,31.82434,14.053409647009289,0.49674795275236394,24.01346875,12.025753000000002,-0.4358110187369618,-1.082761875951626,1110.0,5.562518842541892,47,baseline,0
2150.7243243243242,750.0,7174.44501376479,3.3358273455240375,750.0,0.0,14.329705015184372,247.83271982178644,5.68018018018018,1.0,14.441789461504346,2.5424879147136914,2.0,0.0,5.5216989990416705,47.44642035886597,18.60184757079762,14.931766249999999,14.186677024549052,0.7626488159606367,24.08468895238095,10.930238750000001,0.5152134323066827,-1.0353365860588768,705.7693693693693,750.0,173.1420417730253,0.24532382572473221,0.0,0.0,-3.659069352833754,11.38878852884723,29.290825496396394,32.82434,14.053409647009289,0.47978878740506165,24.01346875,12.025753000000002,-0.4358110187369618,-1.082761875951626,1110.0,5.562518842541892,48,baseline,0
2157.5915119363394,750.0,7267.27597291855,3.368235336816144,750.0,0.0,14.552390111852077,255.24501530861443,5.695844385499558,1.0,14.634158485502006,2.569269364654264,2.0,0.0,5.603807473774662,48.89920031789024,18.927142034195704,15.4010455,14.524861259618426,0.7674091119185522,25.032244285714285,11.4420375,0.5161482337137492,-1.0311691813702792,706.5906277630415,750.0,171.6309795959843,0.24290016432759923,0.0,0.0,-3.700854338892001,11.696322837695751,29.744336523430594,31.879069,14.478157709635779,0.48675342609275746,27.960900999999996,13.954045999999998,-0.4338655610072946,-1.08659140694048,1131.0,5.5813696347812085,49,baseline,0
2162.0261096605745,750.0,7359.035770645757,3.4037682235951734,750.0,0.0,14.732468636255067,261.4983999834565,5.715404699738904,1.0,14.835035370519789,2.595622908592544,2.0,0.0,5.6641407140094,49.98853773094135,19.282979488045402,15.430426,14.819651384483219,0.768535349719723,25.929360999999997,11.581101,0.5166320751837468,-1.0264718368907113,707.2706701479548,750.0,170.3666062453901,0.24087893565521515,0.0,0.0,-3.7363034594881683,11.959963541383253,30.2763631662315,32.867616,14.83555447037577,0.4900045090925084,27.964528,13.978266999999999,-0.4301709771682839,-1.0943322501907056,1149.0,5.611035763321907,50,baseline,0
2165.681233933162,750.0,7458.815114199712,3.444096479819204,750.0,0.0,14.935996227685488,269.31126236545913,5.73350471293916,1.0,15.041847366834064,2.6234996079951207,2.0,0.0,5.737016013463918,51.49096956960522,19.65979460117057,15.863501,15.13876803106769,0.7700369377290598,26.9426335,11.890852749999999,0.5171023564778834,-1.0247715961530952,707.9297343616109,750.0,169.129608703007,0.23890733853059984,0.0,0.0,-3.771424019807842,12.223639137183536,30.807511020565556,33.855854,15.189829119126223,0.4930560313355484,27.034256,13.98244,-0.4255669871986039,-1.1036399406940172,1167.0,5.650164379990495,51,baseline,0
2136.896779521057,750.0,7476.6024545025375,3.4988131041960155,750.0,0.0,15.347972478902063,284.2346035041852,5.646573080099092,1.0,15.0961338168613,2.6735036636763723,2.0,0.0,5.886629163608379,54.311861027676485,19.626595613274528,16.805644,15.538048997387259,0.791683351690297,27.695077333333334,12.894874461538462,0.5381178896860992,-1.0042278596944232,709.458298926507,750.0,166.21515769967993,0.2342846055239368,0.0,0.0,-3.855945551073217,12.868316092841336,30.68313943682907,34.804617,15.996186120854452,0.5213347269691112,27.058749499999998,14.023085000000002,-0.40300725691014894,-1.1481459842465647,1211.0,5.706428779164511,52,baseline,0
2132.895404120444,750.0,7436.801001855513,3.4867162203494346,750.0,0.0,15.645674148560655,295.4715856471006,5.580824088748019,1.0,15.072441449163732,2.7007555173710958,2.0,0.0,5.985103347059132,55.97473102874488,19.500873695572334,15.94269375,15.910333529576961,0.815877984645857,29.189123333333335,12.332731966666667,0.5693305985297926,-0.9700965964896535,711.0966719492868,750.0,163.01758776031957,0.22924813768773408,0.0,0.0,-3.951680016549588,13.615774953197352,30.4369028977813,35.769419,16.805240055629344,0.5521337079553637,30.9823545,14.091470000000001,-0.3603485946033755,-1.2229351082854192,1262.0,5.759484791605204,53,baseline,0
2113.52183908046,750.0,7450.167570931788,3.5250014611503464,750.0,0.0,16.060168084944717,311.5610875867616,5.515708812260536,1.0,15.12638779217787,2.7424195705462795,2.0,0.0,6.125497100463886,58.82005887670515,19.54214577136723,15.624509333333334,16.24236064300632,0.8311451993569872,30.887001999999995,12.330646666666667,0.5952417210062695,-0.9455684627486489,712.3785440613027,750.0,160.45970597253418,0.22524500114468082,0.0,0.0,-4.030651085907579,14.246148176327935,30.429095157854405,35.862927,17.40457894059462,0.5719716228927079,29.070201000000004,15.907329000000004,-0.3186167763552125,-1.2859236177464382,1305.0,5.811636562327439,54,baseline,0
2133.967816091954,750.0,7595.135209431028,3.559161085821994,762.0,0.0,16.088182752172337,312.76780571427906,5.593869731800766,1.0,15.420262108427623,2.756635897465486,2.0,0.0,6.133678882104214,59.04519447091327,20.23440729213252,15.957842666666666,16.4542135354013,0.8131799117139932,31.390866999999997,12.073142666666666,0.5897445664415712,-0.9543556090680192,712.3785440613027,750.0,160.45970597253418,0.22524500114468082,0.0,0.0,-4.030651085907579,14.246148176327935,31.429095157854405,36.862927,17.40457894059462,0.5537728290674339,29.070201000000004,15.907329000000004,-0.3186167763552125,-1.2859236177464382,1305.0,5.811636562327439,55,baseline,0
2151.5402298850577,750.0,7727.073368256566,3.5914147739033315,790.0,0.0,16.068300603444513,312.1219676313331,5.668199233716475,1.0,15.70341325779145,2.7704413007189186,2.0,0.0,6.1190253117145375,58.727619195487975,20.927229843261284,16.877647,16.67020587913861,0.7965796717479325,31.910712999999998,12.003067,0.5828153360164936,-0.9625413628423098,712.3785440613027,750.0,160.45970597253418,0.22524500114468082,0.0,0.0,-4.030651085907579,14.246148176327935,32.429095157854405,37.862927,17.40457894059462,0.5366964096862625,29.070201000000004,15.907329000000004,-0.3186167763552125,-1.2859236177464382,1305.0,5.811636562327439,56,baseline,0
2166.2390804597703,750.0,7859.995835423759,3.628406442448414,818.0,0.0,16.081827007896266,311.9643479359564,5.738697318007663,1.0,15.98811569615843,2.7860182912921285,2.0,0.0,6.114413017614446,58.507941108356626,21.61199182872035,17.846512,16.890341641079935,0.7815263754928051,32.224245874999994,11.992756,0.5760171431917389,-0.9689904012526132,712.3785440613027,750.0,160.45970597253418,0.22524500114468082,0.0,0.0,-4.030651085907579,14.246148176327935,33.429095157854405,38.862927,17.40457894059462,0.5206416404156033,29.070201000000004,15.907329000000004,-0.3186167763552125,-1.2859236177464382,1305.0,5.811636562327439,57,baseline,0
2178.3136363636363,750.0,7949.31021603278,3.6492955299600225,846.0,0.0,16.24339398558855,318.17404962442987,5.7727272727272725,1.0,16.185333292030307,2.8037585230288724,2.0,0.0,6.164425879664506,59.5207065960096,22.056146016984304,18.797707000000003,17.175827051329705,0.7787320159244269,32.925617,12.531312833333335,0.573956581448315,-0.9652858952778147,712.8060606060606,750.0,159.59522271917854,0.22389711807933188,0.0,0.0,-4.0578415204297835,14.466077804923895,34.04781176893939,39.856634,17.667057055340297,0.5188896477469758,29.0820665,15.956860500000001,-0.31425165968216684,-1.2859717679014406,1320.0,5.846662263906023,58,baseline,0
2193.3603603603606,750.0,8055.205709371459,3.6725409353381497,874.0,0.0,16.320708778069754,321.95498621933285,5.816816816816817,1.0,16.40527691287366,2.820318643256029,2.0,0.0,6.1943696236405,60.224882284127,22.542488539080697,18.949314,17.456927088603702,0.7744010630565286,32.264382999999995,12.116443000000002,0.5695656279921371,-0.9647005301527933,713.1411411411411,750.0,158.91356335983036,0.2228360617444437,0.0,0.0,-4.07946476421504,14.642032762472084,34.739990409159155,40.852092999999996,17.881160712171297,0.5147140370959041,30.9912305,15.980989000000001,-0.31157499697803615,-1.2844398685885228,1332.0,5.874658564896064,59,baseline,0
