feature,mean_shap
CB_mean,4.468323274990878
TNFE,2.0681247474365576
PSE,2.015484634428819
CP_mean,1.333487170477243
Time_CV,1.1160412614564281
APIT_skew,0.9106414112980474
APIT_CV,0.5748276440876626
CP_skew,0.5401485374503329
Time_MAD,0.522361003516578
CB_std,0.44557889557508046
APIT_median,0.36943284497980505
Time_skew,0.36827747447389264
CB_CV,0.33679635261790086
CP_kurt,0.25794644936975697
APIT_kurt,0.17353009585923448
CP_CV,0.15557316970026794
CB_MAD,0.10246173153012297
CB_skew,0.08476406437080308
APS_mean,0.0718479444870435
APIT_IQR,0.0664009898331881
Time_median,0.05082050514139819
Time_kurt,0.04961956157364953
Time_mean,0.037645963274523644
APIT_mean,0.03005467629686902
APIT_MAD,0.026281608115838583
CP_IQR,0.020516703899318943
Time_IQR,0.0
CP_median,0.0
Time_std,0.0
APS_kurt,0.0
CB_kurt,0.0
CP_MAD,0.0
APS_skew,0.0
APS_MAD,0.0
APS_IQR,0.0
APS_std,0.0
APS_median,0.0
CB_IQR,0.0
CB_median,0.0
CP_std,0.0
APIT_std,0.0
APS_CV,0.0
