exp,speed,arm,attack,MCC,FPR,UCR,lat_ms
2,10,VANGUARD,S5,0.6227,28.0,71.3145,29.2395
2,10,VANGUARD,S6,0.7225,31.7,78.7789,29.7082
2,10,VANGUARD,S7,0.6427,25.9,72.189,29.5663
2,10,VANGUARD,S8,0.7536,25.8,80.8062,25.9483
2,10,VANGUARD,macro,0.6853750000000001,27.849999999999998,,
2,10,VANGUARD,"active(S5,S6)",0.6726000000000001,,,
2,10,VANGUARD,"passive(S7,S8)",0.69815,,,
2,10,FADE,S5,0.2501,,,
2,10,FADE,S6,0.2163,,,
2,10,FADE,S7,0.2048,,,
2,10,FADE,S8,0.2385,,,
2,60,VANGUARD,S5,0.5291,34.3,70.7247,16.5953
2,60,VANGUARD,S6,0.7152,30.2,78.5436,17.3468
2,60,VANGUARD,S7,0.5863,28.7,69.2486,16.7579
2,60,VANGUARD,S8,0.6645,31.4,79.517,17.6024
2,60,VANGUARD,macro,0.623775,31.15,,
2,60,VANGUARD,"active(S5,S6)",0.62215,,,
2,60,VANGUARD,"passive(S7,S8)",0.6254,,,
2,60,FADE,S5,0.0666,,,
2,60,FADE,S6,0.201,,,
2,60,FADE,S7,0.1194,,,
2,60,FADE,S8,0.253,,,
2,100,VANGUARD,S5,0.6274,26.5,70.444,17.8199
2,100,VANGUARD,S6,0.7351,30.2,80.0742,17.597
2,100,VANGUARD,S7,0.641,25.8,71.6235,17.4771
2,100,VANGUARD,S8,0.7812,22.2,79.9228,18.0763
2,100,VANGUARD,macro,0.696175,26.175,,
2,100,VANGUARD,"active(S5,S6)",0.6812499999999999,,,
2,100,VANGUARD,"passive(S7,S8)",0.7111000000000001,,,
2,100,FADE,S5,0.1063,,,
2,100,FADE,S6,0.1677,,,
2,100,FADE,S7,0.0541,,,
2,100,FADE,S8,0.1781,,,
2,140,VANGUARD,S5,0.5547,31.4,69.533,17.5705
2,140,VANGUARD,S6,0.7617,26.6,80.2549,17.0011
2,140,VANGUARD,S7,0.6,28.0,69.4972,17.4418
2,140,VANGUARD,S8,0.6966,30.0,79.4117,17.0909
2,140,VANGUARD,macro,0.65325,29.0,,
2,140,VANGUARD,"active(S5,S6)",0.6582,,,
2,140,VANGUARD,"passive(S7,S8)",0.6483,,,
2,140,FADE,S5,-0.0261,,,
2,140,FADE,S6,0.176,,,
2,140,FADE,S7,0.0557,,,
2,140,FADE,S8,0.2034,,,
