param,flag,value,attack,obj,rc,wall_s,avg_MCC,avg_DR,avg_FPR,avg_lat_ms,avg_mit_ms,avg_TVR,avg_UCR,sig_valid_rate,ctrl_failover_max_ms,o_crypto_bytes_pkt,t_batch_ms_avg,t_consensus_ms_avg,t_stark_ms_avg,WAP_recall,lmit_prevention_rate
T_hold,T_hold,0.01,2,max_mcc,0,271.0,0.918568,100.0,5.34176,43.0069,9545.72,5.09211,0.0,0.991077,0.0,209427.0,1.51788,7.04268,6.48562e-05,0.0,0.797386
T_hold,T_hold,0.02,2,max_mcc,0,270.2,0.918568,100.0,5.34176,43.0069,9545.72,5.09211,0.0,0.991077,0.0,209427.0,1.52426,6.9645,6.51922e-05,0.0,0.797386
T_hold,T_hold,0.03,2,max_mcc,0,270.6,0.918568,100.0,5.34176,43.0069,9545.72,5.09211,0.0,0.991077,0.0,209427.0,1.5293,7.12131,6.40485e-05,0.0,0.797386
T_hold,T_hold,0.04,2,max_mcc,0,269.8,0.918568,100.0,5.34176,43.0069,9545.72,5.09211,0.0,0.991077,0.0,209427.0,1.51768,6.99621,6.30098e-05,0.0,0.797386
T_hold,T_hold,0.05,2,max_mcc,0,269.7,0.918568,100.0,5.34176,43.0069,9545.72,5.09211,0.0,0.991077,0.0,209427.0,1.5105,7.08005,6.38072e-05,0.0,0.797386
batch_size,batch_size,10,1,min_consensus,0,277.4,0.694686,100.0,7.56504,28.2676,4642.12,0.984284,0.0,0.980916,12.0,209427.0,1.65524,6.98481,6.57043e-05,0.0,0.745455
batch_size,batch_size,12,1,min_consensus,0,261.3,0.694686,100.0,7.56504,28.2676,4642.12,0.984284,0.0,0.980916,12.0,209427.0,1.5698,6.81057,6.1429e-05,0.0,0.745455
batch_size,batch_size,14,1,min_consensus,0,259.9,0.694686,100.0,7.56504,28.2676,4642.12,0.984284,0.0,0.980916,12.0,209427.0,1.55254,6.54879,6.42696e-05,0.0,0.745455
batch_size,batch_size,16,1,min_consensus,0,256.1,0.694686,100.0,7.56504,28.2676,4642.12,0.984284,0.0,0.980916,12.0,209427.0,1.52973,6.65206,6.46499e-05,0.0,0.745455
batch_size,batch_size,18,1,min_consensus,0,256.4,0.694686,100.0,7.56504,28.2676,4642.12,0.984284,0.0,0.980916,12.0,209427.0,1.53701,6.44814,6.08715e-05,0.0,0.745455
batch_size,batch_size,20,1,min_consensus,0,255.9,0.694686,100.0,7.56504,28.2676,4642.12,0.984284,0.0,0.980916,12.0,209427.0,1.53036,6.48382,6.04845e-05,0.0,0.745455
s1_alpha_rho,s1_alpha_rho,7.9205e-05,1,max_mcc,0,280.6,0.694686,100.0,7.56504,28.2676,4642.12,0.984284,0.0,0.980916,12.0,209427.0,1.67028,7.00156,6.51143e-05,0.0,0.745455
s1_alpha_rho,s1_alpha_rho,9.052e-05,1,max_mcc,0,281.0,0.694686,100.0,7.56504,28.2676,4642.12,0.984284,0.0,0.980916,12.0,209427.0,1.66572,7.06395,6.43928e-05,0.0,0.745455
s1_alpha_rho,s1_alpha_rho,0.000101835,1,max_mcc,0,280.7,0.694686,100.0,7.56504,28.2676,4642.12,0.984284,0.0,0.980916,12.0,209427.0,1.67361,7.08831,6.63945e-05,0.0,0.745455
s1_alpha_rho,s1_alpha_rho,0.00011315,1,max_mcc,0,281.4,0.694686,100.0,7.56504,28.2676,4642.12,0.984284,0.0,0.980916,12.0,209427.0,1.68347,7.21782,6.44248e-05,0.0,0.745455
s1_alpha_rho,s1_alpha_rho,0.000124465,1,max_mcc,0,282.7,0.694686,100.0,7.56504,28.2676,4642.12,0.984284,0.0,0.980916,12.0,209427.0,1.68287,7.18021,6.56089e-05,0.0,0.745455
s1_alpha_rho,s1_alpha_rho,0.00013578,1,max_mcc,0,280.2,0.699829,100.0,7.53889,28.2676,4642.12,0.984284,0.0,0.980916,12.0,209427.0,1.66875,7.03642,6.60252e-05,0.0,0.745455
s1_alpha_rho,s1_alpha_rho,0.000147095,1,max_mcc,0,280.2,0.699829,100.0,7.53889,28.2676,4642.12,0.984284,0.0,0.980916,12.0,209427.0,1.66225,7.01827,6.32242e-05,0.0,0.745455
s1_alpha_v,s1_alpha_v,-0.001953094,1,max_mcc,0,280.0,0.694686,100.0,7.56504,28.2676,4642.12,0.984284,0.0,0.980916,12.0,209427.0,1.67211,6.93768,6.46285e-05,0.0,0.745455
s1_alpha_v,s1_alpha_v,-0.001802856,1,max_mcc,0,280.4,0.694686,100.0,7.56504,28.2676,4642.12,0.984284,0.0,0.980916,12.0,209427.0,1.66814,6.9891,6.45892e-05,0.0,0.745455
s1_alpha_v,s1_alpha_v,-0.001652618,1,max_mcc,0,281.0,0.694686,100.0,7.56504,28.2676,4642.12,0.984284,0.0,0.980916,12.0,209427.0,1.66164,6.99481,6.45551e-05,0.0,0.745455
s1_alpha_v,s1_alpha_v,-0.00150238,1,max_mcc,0,281.0,0.694686,100.0,7.56504,28.2676,4642.12,0.984284,0.0,0.980916,12.0,209427.0,1.67251,7.05263,6.31068e-05,0.0,0.745455
s1_alpha_v,s1_alpha_v,-0.001352142,1,max_mcc,0,280.0,0.694686,100.0,7.56504,28.2676,4642.12,0.984284,0.0,0.980916,12.0,209427.0,1.67416,7.01246,6.46279e-05,0.0,0.745455
s1_alpha_v,s1_alpha_v,-0.001201904,1,max_mcc,0,279.3,0.694686,100.0,7.56504,28.2676,4642.12,0.984284,0.0,0.980916,12.0,209427.0,1.65908,7.05944,6.5662e-05,0.0,0.745455
s1_alpha_v,s1_alpha_v,-0.001051666,1,max_mcc,0,281.1,0.699829,100.0,7.53889,28.2676,4642.12,0.984284,0.0,0.980916,12.0,209427.0,1.66889,7.1312,6.4498e-05,0.0,0.745455
s1_beta,s1_beta,0.7,1,max_mcc,0,276.4,0.701278,100.0,7.5393,28.2676,4642.12,0.984284,0.0,0.980916,12.0,209427.0,1.63794,6.97758,6.47905e-05,0.0,0.745455
s1_beta,s1_beta,0.75,1,max_mcc,0,277.3,0.699829,100.0,7.53889,28.2676,4642.12,0.984284,0.0,0.980916,12.0,209427.0,1.64833,6.85257,6.31586e-05,0.0,0.745455
s1_beta,s1_beta,0.8,1,max_mcc,0,276.3,0.699829,100.0,7.53889,28.2676,4642.12,0.984284,0.0,0.980916,12.0,209427.0,1.63757,6.83723,6.32689e-05,0.0,0.745455
s1_beta,s1_beta,0.85,1,max_mcc,0,277.6,0.699829,100.0,7.53889,28.2676,4642.12,0.984284,0.0,0.980916,12.0,209427.0,1.65158,6.84045,6.43978e-05,0.0,0.745455
s1_beta,s1_beta,0.9,1,max_mcc,0,276.1,0.694686,100.0,7.56504,28.2676,4642.12,0.984284,0.0,0.980916,12.0,209427.0,1.64222,6.85015,6.3075e-05,0.0,0.745455
s1_beta,s1_beta,0.95,1,max_mcc,0,280.7,0.694686,100.0,7.56504,28.2676,4642.12,0.984284,0.0,0.980916,12.0,209427.0,1.66649,6.97022,6.51044e-05,0.0,0.745455
s1_delta0,s1_delta0,0.003131135,1,max_mcc,0,282.6,0.656012,100.0,8.67166,28.2676,4316.95,0.984284,0.0,0.980916,12.0,209427.0,1.66937,7.09446,6.4174e-05,0.0,0.747748
s1_delta0,s1_delta0,0.00357844,1,max_mcc,0,280.9,0.649775,100.0,8.17496,28.2676,4642.12,0.984284,0.0,0.980916,12.0,209427.0,1.66963,6.95091,6.28661e-05,0.0,0.745455
s1_delta0,s1_delta0,0.004025745,1,max_mcc,0,280.2,0.669889,100.0,7.73611,28.2676,4642.12,0.984284,0.0,0.980916,12.0,209427.0,1.66911,6.97363,6.40938e-05,0.0,0.745455
s1_delta0,s1_delta0,0.00447305,1,max_mcc,0,280.4,0.694686,100.0,7.56504,28.2676,4642.12,0.984284,0.0,0.980916,12.0,209427.0,1.66781,7.10593,6.42153e-05,0.0,0.745455
s1_delta0,s1_delta0,0.004920355,1,max_mcc,0,282.9,0.700418,100.0,7.51097,28.2676,4642.12,0.984284,0.0,0.980916,12.0,209427.0,1.67178,7.25051,6.7295e-05,0.0,0.743119
s1_delta0,s1_delta0,0.00536766,1,max_mcc,0,281.0,0.69744,100.0,7.50961,28.2676,4781.88,0.984284,0.0,0.980916,12.0,209427.0,1.67969,7.02807,6.42586e-05,0.0,0.743119
s1_delta0,s1_delta0,0.005814965,1,max_mcc,0,281.6,0.61631,91.3793,7.50822,28.2676,4781.88,0.984284,0.0,0.980916,12.0,209427.0,1.6682,6.9992,6.54283e-05,0.0,0.743119
s1_k,s1_k,1,1,mcc_fpr1,0,276.2,0.694686,100.0,7.56504,28.2676,4642.12,0.984284,0.0,0.980916,12.0,209427.0,1.63961,6.81071,6.08561e-05,0.0,0.745455
s1_k,s1_k,2,1,mcc_fpr1,0,277.1,0.69744,100.0,7.50961,28.2676,4781.88,0.984284,0.0,0.980916,12.0,209427.0,1.66047,7.00428,6.4717e-05,0.0,0.743119
s1_k,s1_k,3,1,mcc_fpr1,0,277.1,0.706136,100.0,7.46344,28.2676,4781.88,0.984284,0.0,0.980916,12.0,209427.0,1.64327,7.12827,6.289e-05,0.0,0.743119
t_sync,t_sync,0.5,1,min_consensus,0,279.7,0.694686,100.0,7.56504,28.2676,4642.12,0.984284,0.0,0.980916,12.0,209427.0,1.65939,7.12357,6.47474e-05,0.0,0.745455
t_sync,t_sync,1.0,1,min_consensus,0,279.5,0.694686,100.0,7.56504,28.2676,4642.12,0.984284,0.0,0.980916,12.0,209427.0,1.6583,7.027,6.40965e-05,0.0,0.745455
t_sync,t_sync,1.5,1,min_consensus,0,278.8,0.694686,100.0,7.56504,28.2676,4642.12,0.984284,0.0,0.980916,12.0,209427.0,1.64972,6.94607,6.37462e-05,0.0,0.745455
t_sync,t_sync,2.0,1,min_consensus,0,280.5,0.694686,100.0,7.56504,28.2676,4642.12,0.984284,0.0,0.980916,12.0,209427.0,1.66186,7.0345,6.61411e-05,0.0,0.745455
tcam_util_thresh,tcam_util_thresh,0.2,4,mcc_fpr1,0,254.1,0.638699,54.4521,0.0,27.4665,10051.9,0.0611927,0.0,1.0,0.0,61.0,0.0,823.0,44.0,209427.0,0.0
tcam_util_thresh,tcam_util_thresh,0.3,4,mcc_fpr1,0,258.2,0.581462,46.9791,0.0,28.5398,11819.5,0.12402,0.0,1.0,0.0,61.0,0.0,851.0,50.0,209427.0,0.0
tcam_util_thresh,tcam_util_thresh,0.4,4,mcc_fpr1,0,268.3,0.550882,43.5333,0.0,28.9429,14006.4,0.294685,0.0,1.0,0.0,62.0,0.0,836.0,59.0,209427.0,0.0
tcam_util_thresh,tcam_util_thresh,0.5,4,mcc_fpr1,0,273.2,0.512836,39.0447,0.0,28.0575,15748.1,0.376563,0.0,1.0,0.0,63.0,0.0,867.0,71.0,209427.0,0.0
tcam_util_thresh,tcam_util_thresh,0.6,4,mcc_fpr1,0,283.1,0.488422,36.5268,0.0,28.4194,17514.8,0.424803,0.0,1.0,0.0,70.0,0.0,1006.0,101.0,209427.0,0.0
tcam_util_thresh,tcam_util_thresh,0.7,4,mcc_fpr1,0,275.2,0.445442,31.4683,0.0,28.3589,18262.1,0.391711,0.0,1.0,0.0,69.0,0.0,1019.0,117.0,209427.0,0.0
tcam_util_thresh,tcam_util_thresh,0.8,4,mcc_fpr1,0,276.6,0.422569,29.1928,0.0,28.4406,19628.7,0.456624,0.0,1.0,0.0,72.0,0.0,1025.0,114.0,209427.0,0.0
trust_delta_p,trust_delta_p,0.05,2,min_fpr_hi_dr,0,294.7,0.661748,100.0,33.9116,65.6985,16274.7,9.95007,0.0,0.994741,0.0,209427.0,1.53199,6.9562,6.83727e-05,0.0,0.815385
trust_delta_p,trust_delta_p,0.1,2,min_fpr_hi_dr,0,271.4,0.760164,100.0,21.4761,63.159,15183.2,6.70053,0.0,0.990577,0.0,209427.0,1.50584,7.05195,6.5683e-05,0.0,0.791667
trust_delta_p,trust_delta_p,0.15,2,min_fpr_hi_dr,0,271.0,0.901397,100.0,6.94655,51.904,9826.02,6.43885,0.0,0.989964,0.0,209427.0,1.48389,7.03746,6.27268e-05,0.0,0.756757
trust_delta_p,trust_delta_p,0.2,2,min_fpr_hi_dr,0,281.0,0.849983,100.0,10.7642,43.0007,15565.8,4.97634,0.0,0.989786,0.0,209427.0,1.56174,7.12636,6.83465e-05,0.0,0.784884
trust_delta_p,trust_delta_p,0.25,2,min_fpr_hi_dr,0,267.6,0.918577,100.0,5.34249,42.1653,12840.8,5.09268,0.0,0.990165,0.0,209427.0,1.52724,6.98955,6.47975e-05,0.0,0.802548
trust_delta_p,trust_delta_p,0.3,2,min_fpr_hi_dr,0,271.2,0.918568,100.0,5.34176,43.0069,9545.72,5.09211,0.0,0.991077,0.0,209427.0,1.51833,7.03104,6.59197e-05,0.0,0.797386
trust_delta_p_ctrl,trust_delta_p_ctrl,0.05,1,max_mcc,0,279.8,0.694686,100.0,7.56504,28.2676,4642.12,0.984284,0.0,0.980916,12.0,209427.0,1.65435,6.97324,6.44588e-05,0.0,0.745455
trust_delta_p_ctrl,trust_delta_p_ctrl,0.1,1,max_mcc,0,283.1,0.694686,100.0,7.56504,28.2676,4642.12,0.984284,0.0,0.980916,12.0,209427.0,1.69376,7.09587,6.49453e-05,0.0,0.745455
trust_delta_p_ctrl,trust_delta_p_ctrl,0.15,1,max_mcc,0,280.4,0.694686,100.0,7.56504,28.2676,4642.12,0.984284,0.0,0.980916,12.0,209427.0,1.66729,7.10806,6.43153e-05,0.0,0.745455
trust_delta_p_ctrl,trust_delta_p_ctrl,0.2,1,max_mcc,0,279.7,0.694686,100.0,7.56504,28.2676,4642.12,0.984284,0.0,0.980916,12.0,209427.0,1.66242,7.02969,6.65649e-05,0.0,0.745455
trust_delta_p_ctrl,trust_delta_p_ctrl,0.25,1,max_mcc,0,278.8,0.694686,100.0,7.56504,28.2676,4642.12,0.984284,0.0,0.980916,12.0,209427.0,1.66852,6.99765,6.40262e-05,0.0,0.745455
trust_delta_p_ctrl,trust_delta_p_ctrl,0.3,1,max_mcc,0,280.0,0.694686,100.0,7.56504,28.2676,4642.12,0.984284,0.0,0.980916,12.0,209427.0,1.65677,6.93951,6.56886e-05,0.0,0.745455
trust_delta_r,trust_delta_r,0.02,2,min_fpr_hi_dr,0,269.8,0.90666,100.0,6.29509,43.9615,13545.6,5.09102,0.0,0.989713,0.0,209427.0,1.52646,7.19657,6.53616e-05,0.0,0.807018
trust_delta_r,trust_delta_r,0.04,2,min_fpr_hi_dr,0,270.0,0.918568,100.0,5.34176,43.0069,9545.72,5.09211,0.0,0.991077,0.0,209427.0,1.5164,7.05059,6.41784e-05,0.0,0.797386
trust_delta_r,trust_delta_r,0.06,2,min_fpr_hi_dr,0,267.3,0.918577,100.0,5.34249,42.1653,12840.8,5.09268,0.0,0.990165,0.0,209427.0,1.5085,7.23899,6.41627e-05,0.0,0.802548
trust_delta_r,trust_delta_r,0.08,2,min_fpr_hi_dr,0,273.7,0.846627,100.0,10.7963,42.6762,10273.4,4.8713,0.0,0.988085,0.0,209427.0,1.52939,7.12612,6.67464e-05,0.0,0.803571
trust_delta_r,trust_delta_r,0.1,2,min_fpr_hi_dr,0,279.3,0.849983,100.0,10.7642,43.0007,15565.8,4.97634,0.0,0.989786,0.0,209427.0,1.54134,7.03988,6.55386e-05,0.0,0.784884
trust_delta_r_ctrl,trust_delta_r_ctrl,0.02,1,max_mcc,0,280.6,0.694686,100.0,7.56504,28.2676,4642.12,0.984284,0.0,0.980916,12.0,209427.0,1.67947,7.1724,6.43796e-05,0.0,0.745455
trust_delta_r_ctrl,trust_delta_r_ctrl,0.04,1,max_mcc,0,281.7,0.694686,100.0,7.56504,28.2676,4642.12,0.984284,0.0,0.980916,12.0,209427.0,1.66897,7.05211,6.53758e-05,0.0,0.745455
trust_delta_r_ctrl,trust_delta_r_ctrl,0.06,1,max_mcc,0,281.1,0.694686,100.0,7.56504,28.2676,4642.12,0.984284,0.0,0.980916,12.0,209427.0,1.67356,7.01589,6.60303e-05,0.0,0.745455
trust_delta_r_ctrl,trust_delta_r_ctrl,0.08,1,max_mcc,0,279.8,0.694686,100.0,7.56504,28.2676,4642.12,0.984284,0.0,0.980916,12.0,209427.0,1.66362,7.18292,6.41007e-05,0.0,0.745455
trust_delta_r_ctrl,trust_delta_r_ctrl,0.1,1,max_mcc,0,280.3,0.694686,100.0,7.56504,28.2676,4642.12,0.984284,0.0,0.980916,12.0,209427.0,1.6601,6.9784,6.25035e-05,0.0,0.745455
trust_t_min,trust_t_min,0.3,2,max_mcc,0,274.5,0.883269,100.0,8.60535,53.9601,14029.0,6.41757,0.0,0.988328,0.0,209427.0,1.49688,7.11027,6.50024e-05,0.0,0.775
trust_t_min,trust_t_min,0.4,2,max_mcc,0,268.4,0.858807,100.0,10.0725,44.7768,11928.9,5.04006,0.0,0.990267,0.0,209427.0,1.54498,7.30545,6.84157e-05,0.0,0.809524
trust_t_min,trust_t_min,0.5,2,max_mcc,0,272.0,0.85714,100.0,9.99965,43.8915,10098.7,5.01941,0.0,0.990347,0.0,209427.0,1.49728,7.05206,6.56089e-05,0.0,0.786585
trust_t_min,trust_t_min,0.6,2,max_mcc,0,268.7,0.918577,100.0,5.34249,42.1653,12840.8,5.09268,0.0,0.990165,0.0,209427.0,1.52327,7.40951,6.43419e-05,0.0,0.802548
trust_t_min,trust_t_min,0.7,2,max_mcc,0,270.9,0.918568,100.0,5.34176,43.0069,9545.72,5.09211,0.0,0.991077,0.0,209427.0,1.53011,7.0542,6.43454e-05,0.0,0.797386
trust_t_min_ctrl,trust_t_min_ctrl,0.3,1,max_mcc,0,280.2,0.694686,100.0,7.56504,28.2676,4642.12,0.984284,0.0,0.980916,12.0,209427.0,1.66766,7.17722,6.54558e-05,0.0,0.745455
trust_t_min_ctrl,trust_t_min_ctrl,0.4,1,max_mcc,0,279.1,0.694686,100.0,7.56504,28.2676,4642.12,0.984284,0.0,0.980916,12.0,209427.0,1.65553,6.95488,6.5503e-05,0.0,0.745455
trust_t_min_ctrl,trust_t_min_ctrl,0.5,1,max_mcc,0,282.2,0.694686,100.0,7.56504,28.2676,4642.12,0.984284,0.0,0.980916,12.0,209427.0,1.68677,7.03958,6.64324e-05,0.0,0.745455
trust_t_min_ctrl,trust_t_min_ctrl,0.6,1,max_mcc,0,279.1,0.694686,100.0,7.56504,28.2676,4642.12,0.984284,0.0,0.980916,12.0,209427.0,1.65848,7.08007,6.4759e-05,0.0,0.745455
trust_t_min_ctrl,trust_t_min_ctrl,0.7,1,max_mcc,0,281.4,0.694686,100.0,7.56504,28.2676,4642.12,0.984284,0.0,0.980916,12.0,209427.0,1.6665,7.02982,6.57058e-05,0.0,0.745455
witness_f,witness_f,1,7,max_mcc,0,266.3,0.721573,79.2219,2.85349,28.2177,7324.89,0.0,35.2547,0.979104,0.0,209427.0,1.5368,6.98785,7.09164e-05,94.8718,0.929293
witness_f,witness_f,2,7,max_mcc,0,259.9,0.772777,77.763,0.730312,28.1764,7163.27,0.0,23.1399,0.97899,0.0,209427.0,1.51699,6.99027,6.83283e-05,87.1795,0.912371
witness_f,witness_f,3,7,max_mcc,0,280.8,0.663796,77.6304,4.93149,29.9824,7517.1,0.0,31.8189,0.98203,0.0,209427.0,1.62477,7.26539,7.30659e-05,92.3077,0.902062
witness_window,witness_window,5,7,max_mcc,0,257.4,0.742075,76.5694,1.58862,27.9365,5387.37,0.0,21.1678,0.98073,0.0,209427.0,1.55001,7.05415,6.39689e-05,97.4359,0.923077
witness_window,witness_window,7,7,max_mcc,0,248.6,0.734634,75.42,1.54344,28.5373,5556.59,0.0,18.5271,0.981198,0.0,209427.0,1.51804,7.01972,6.83707e-05,94.8718,0.947644
witness_window,witness_window,9,7,max_mcc,0,267.3,0.721573,79.2219,2.85349,28.2177,7324.89,0.0,35.2547,0.979104,0.0,209427.0,1.55019,7.20506,7.05546e-05,94.8718,0.929293
witness_window,witness_window,11,7,max_mcc,0,248.3,0.765299,78.0725,1.06912,27.4036,7633.24,0.0,21.4291,0.97546,0.0,209427.0,1.49855,7.12007,6.77096e-05,94.8718,0.935484
witness_window,witness_window,13,7,max_mcc,0,248.1,0.765299,78.0725,1.06912,27.4036,7217.56,0.0,21.4291,0.97537,0.0,209427.0,1.49623,6.97935,6.81317e-05,97.4359,0.935484
witness_window,witness_window,15,7,max_mcc,0,247.2,0.765299,78.0725,1.06912,27.4036,7217.56,0.0,21.4291,0.97537,0.0,209427.0,1.48484,7.01635,6.72537e-05,97.4359,0.935484
