source,t,true_label,pred_label,pred_proba,correct
Attack4_DP,2,0,0,0.0,1
Attack4_DP,3,0,0,0.0,1
Attack4_DP,4,0,0,0.0,1
Attack4_DP,5,0,0,0.0,1
Attack4_DP,6,0,0,0.0,1
Attack4_DP,7,0,0,0.0,1
Attack4_DP,8,0,0,0.0,1
Attack4_DP,9,0,0,0.0,1
Attack4_DP,10,1,1,0.9996,1
Attack4_DP,11,1,1,0.9996,1
Attack4_DP,12,1,1,1.0,1
Attack4_DP,13,1,1,1.0,1
Attack4_DP,14,1,1,1.0,1
Attack4_DP,15,1,1,0.9999,1
Attack4_DP,16,1,1,0.9999,1
Attack4_DP,17,1,1,0.9999,1
Attack4_DP,18,1,1,0.9999,1
Attack4_DP,19,1,1,0.9999,1
Attack4_DP,20,1,1,1.0,1
Attack4_DP,21,1,1,1.0,1
Attack4_DP,22,1,1,1.0,1
Attack4_DP,23,1,1,1.0,1
Attack4_DP,24,1,1,1.0,1
Attack4_DP,25,1,1,1.0,1
Attack4_DP,26,1,1,1.0,1
Attack4_DP,27,1,1,1.0,1
Attack4_DP,28,1,1,1.0,1
Attack4_DP,29,1,1,1.0,1
Attack4_DP,30,1,1,1.0,1
Attack4_DP,31,1,1,1.0,1
Attack4_DP,32,1,1,1.0,1
Attack4_DP,33,1,1,1.0,1
Attack4_DP,34,1,1,1.0,1
Attack4_DP,35,1,1,1.0,1
Attack4_DP,36,1,1,1.0,1
Attack4_DP,37,1,1,1.0,1
Attack4_DP,38,1,1,1.0,1
Attack4_DP,39,1,1,1.0,1
Attack4_DP,40,1,1,1.0,1
Attack4_DP,41,1,1,1.0,1
Attack4_DP,42,1,1,1.0,1
Attack4_DP,43,1,1,1.0,1
Attack4_DP,44,1,1,1.0,1
Attack4_DP,45,1,1,1.0,1
Attack4_DP,46,1,1,1.0,1
Attack4_DP,47,1,1,1.0,1
Attack4_DP,48,1,1,1.0,1
Attack4_DP,49,1,1,1.0,1
Attack4_DP,50,1,1,1.0,1
Attack4_DP,51,1,1,1.0,1
Attack4_DP,52,1,1,1.0,1
Attack4_DP,53,1,1,1.0,1
Attack4_DP,54,1,1,1.0,1
Attack4_DP,55,1,1,1.0,1
Attack4_DP,56,1,1,1.0,1
Attack4_DP,57,1,1,1.0,1
Attack4_DP,58,1,1,1.0,1
Attack4_DP,59,1,1,1.0,1
Attack3_CP,2,0,0,0.0,1
Attack3_CP,3,0,0,0.0,1
Attack3_CP,4,0,0,0.0,1
Attack3_CP,5,0,0,0.0,1
Attack3_CP,6,0,0,0.0,1
Attack3_CP,7,0,0,0.0,1
Attack3_CP,8,0,0,0.0002,1
Attack3_CP,9,0,0,0.0,1
Attack3_CP,10,1,0,0.0,0
Attack3_CP,11,1,1,0.9998,1
Attack3_CP,12,1,0,0.0,0
Attack3_CP,13,1,0,0.0,0
Attack3_CP,14,1,1,0.9998,1
Attack3_CP,15,1,1,0.9998,1
Attack3_CP,16,1,1,0.9998,1
Attack3_CP,17,1,1,0.9998,1
Attack3_CP,18,1,1,0.9998,1
Attack3_CP,19,1,1,0.9998,1
Attack3_CP,20,1,1,0.9999,1
Attack3_CP,21,1,1,0.9999,1
Attack3_CP,22,1,1,0.9999,1
Attack3_CP,23,1,1,0.9999,1
Attack3_CP,24,1,1,0.9999,1
Attack3_CP,25,1,1,0.9999,1
Attack3_CP,26,1,1,0.9999,1
Attack3_CP,27,1,1,0.9999,1
Attack3_CP,28,1,1,0.9999,1
Attack3_CP,29,1,1,0.9999,1
Baseline,2,0,0,0.0,1
Baseline,3,0,0,0.0,1
Baseline,4,0,0,0.0,1
Baseline,5,0,0,0.0,1
Baseline,6,0,0,0.0,1
Baseline,7,0,0,0.0,1
Baseline,8,0,0,0.0,1
Baseline,9,0,0,0.0,1
Baseline,10,1,0,0.0,0
Baseline,11,1,0,0.0,0
Baseline,12,1,0,0.0,0
Baseline,13,1,0,0.0,0
Baseline,14,1,0,0.0,0
Baseline,15,1,0,0.0,0
Baseline,16,1,0,0.0,0
Baseline,17,1,0,0.0,0
Baseline,18,1,0,0.0,0
Baseline,19,1,0,0.0,0
Baseline,20,1,0,0.0,0
Baseline,21,1,0,0.0,0
Baseline,22,1,0,0.0,0
Baseline,23,1,0,0.0,0
Baseline,24,1,0,0.0,0
Baseline,25,1,0,0.0,0
Baseline,26,1,0,0.0,0
Baseline,27,1,0,0.0,0
Baseline,28,1,0,0.0,0
Baseline,29,1,0,0.0,0
Baseline,30,1,0,0.0,0
Baseline,31,1,0,0.0,0
Baseline,32,1,0,0.0,0
Baseline,33,1,0,0.0,0
Baseline,34,1,0,0.0,0
Baseline,35,1,0,0.0,0
Baseline,36,1,0,0.0,0
Baseline,37,1,0,0.0,0
Baseline,38,1,0,0.0,0
Baseline,39,1,0,0.0,0
Baseline,40,1,0,0.0,0
Baseline,41,1,0,0.0,0
Baseline,42,1,0,0.0,0
Baseline,43,1,0,0.0,0
Baseline,44,1,0,0.0,0
Baseline,45,1,0,0.0,0
Baseline,46,1,0,0.0,0
Baseline,47,1,0,0.0,0
Baseline,48,1,0,0.0,0
Baseline,49,1,0,0.0,0
Baseline,50,1,0,0.0,0
Baseline,51,1,0,0.0,0
Baseline,52,1,0,0.0,0
Baseline,53,1,0,0.0,0
Baseline,54,1,0,0.0,0
Baseline,55,1,0,0.0,0
Baseline,56,1,0,0.0,0
Baseline,57,1,0,0.0,0
Baseline,58,1,0,0.0,0
Baseline,59,1,0,0.0,0
