ablation,arm,attack,pct,speed,delay,M1,M1_blk_mean,M1_blk_std,M2_TVR_mean,M2_TVR_std,FPR_mean,FPR_std,M4_ms,M4_cyc_mean,M4_cyc_std,M5_events,M5_max_ms,M6_ms,M6_cyc_mean,M6_cyc_std,M7_stark_ms,M10_raw_ts,M11_pct,forged_share_pct,quarantined_nodes,quarantine_block_events,prevention_rate,solver,ab11_att0,ab11_acc0,ab11_att1,ab11_acc1,ab11_att2,ab11_acc2,ab11_att3,ab11_acc3,ab11_att4,ab11_acc4,ab11_att5,ab11_acc5
ab7,ab7full,0,0,150,100,,,,0.0,0.0,8.082373154362415,0.10126269082508751,0.0,0.0,0.0,0.0,0.0,25.2737,25.064531342281878,8.89748375205885,6.75614e-05,0.0,,0.0,62.0,420.0,0.0,gurobi-13.0.2/restricted,0.0,0.0,0.0,0.0,0.0,0.0,0.0,0.0,0.0,0.0,0.0,0.0
ab7,ab7full,1,20,150,100,0.4877,0.4971548421365146,0.071575149497601,0.28418307382550334,0.1364211786491676,6.546270134228188,0.0199174602834563,15175.4,6223.265033557047,2138.618444470094,1.0,11.0,25.4749,25.233682617449663,9.297292827057106,6.57567e-05,0.0,0.0,0.0,49.0,2496.0,0.0,gurobi-13.0.2/restricted,0.0,0.0,0.0,0.0,0.0,0.0,0.0,0.0,0.0,0.0,0.0,0.0
ab7,ab7full,1,40,150,100,0.6325,0.6326682580707258,0.05310205148619106,0.5669361543624161,0.27187579776068654,4.248905637583893,0.004501340787897548,13425.4,7169.427181208054,2243.410003883883,2.0,12.0,25.9786,25.168792617449665,7.843715376088453,6.57386e-05,0.0,0.0,0.0,64.0,3044.0,0.0,gurobi-13.0.2/restricted,0.0,0.0,0.0,0.0,0.0,0.0,0.0,0.0,0.0,0.0,0.0,0.0
ab7,ab7full,1,60,150,100,0.6325,0.6326682580707258,0.05310205148619106,0.5669361543624161,0.27187579776068654,4.248905637583893,0.004501340787897548,13425.4,7169.427181208054,2243.410003883883,2.0,12.0,25.9786,25.168792617449665,7.843715376088453,6.61114e-05,0.0,0.0,0.0,64.0,3044.0,0.0,gurobi-13.0.2/restricted,0.0,0.0,0.0,0.0,0.0,0.0,0.0,0.0,0.0,0.0,0.0,0.0
ab7,ab7full,1,80,150,100,0.8389,0.8424673035876099,0.060061857581532804,0.8885033959731543,0.42015268923689025,2.0681415436241615,0.0022520400072835196,10220.7,6497.485167785235,1285.7487370565143,3.0,12.0,26.2012,25.102335704697985,9.108629837040356,7.07818e-05,0.0,0.0,0.0,127.0,5321.0,0.0222222,gurobi-13.0.2/restricted,0.0,0.0,0.0,0.0,0.0,0.0,0.0,0.0,0.0,0.0,0.0,0.0
ab7,ab7full,1,100,150,100,0.9647,0.9706218787980233,0.046476995690713306,1.1664683288590605,0.5792876956416891,0.0,0.0,9810.34,6538.029731543625,1508.7153478035261,3.0,12.0,26.0243,25.543997986577182,9.668283492228769,6.64073e-05,0.0,0.0,0.0,124.0,5825.0,0.0,gurobi-13.0.2/restricted,0.0,0.0,0.0,0.0,0.0,0.0,0.0,0.0,0.0,0.0,0.0,0.0
ab7,ab7full,2,20,150,100,0.8765,0.8869537368861442,0.08520869547220063,0.6011829932885906,0.29152112952431797,0.0,0.0,6665.18,4491.135033557047,2471.448056858536,0.0,0.0,28.44,25.654710738255034,9.917209909929445,6.73999e-05,0.0,,0.0,47.0,5340.0,0.7,gurobi-13.0.2/restricted,0.0,0.0,0.0,0.0,0.0,0.0,0.0,0.0,0.0,0.0,0.0,0.0
ab7,ab7full,2,40,150,100,0.946,0.9491823639079119,0.04023891118907763,1.2741036711409397,0.4886471117721537,0.0,0.0,17588.6,12785.887852348993,5343.208200324173,0.0,0.0,29.3021,25.430210604026847,10.414368472076717,6.7189e-05,0.0,,0.0,99.0,12097.0,0.735294,gurobi-13.0.2/restricted,0.0,0.0,0.0,0.0,0.0,0.0,0.0,0.0,0.0,0.0,0.0,0.0
ab7,ab7full,2,60,150,100,0.9829,0.9853984701679521,0.026549637776545582,1.6607130201342282,0.6629689304187921,0.0,0.0,13187.1,12175.177181208053,1781.6243850031053,0.0,0.0,31.4289,26.012157785234898,11.371539742028283,6.5557e-05,0.0,,0.0,133.0,16613.0,0.75,gurobi-13.0.2/restricted,0.0,0.0,0.0,0.0,0.0,0.0,0.0,0.0,0.0,0.0,0.0,0.0
ab7,ab7full,2,80,150,100,0.9915,0.9924318835736413,0.014744525543075659,2.022968389261745,0.9054947558696697,0.0,0.0,21089.6,15884.955570469798,4413.960083100952,0.0,0.0,32.6841,26.241404697986578,12.417204773532609,7.01009e-05,0.0,,0.0,174.0,19657.0,0.804598,gurobi-13.0.2/restricted,0.0,0.0,0.0,0.0,0.0,0.0,0.0,0.0,0.0,0.0,0.0,0.0
ab7,ab7full,2,100,150,100,0.9828,0.9838788352003645,0.022454407478575984,2.24737644295302,1.102630604992384,0.0,0.0,20086.4,14264.916375838926,3713.9029122848838,0.0,0.0,32.8146,25.596972617449666,11.763134368470098,6.80501e-05,0.0,,0.0,168.0,22832.0,0.752747,gurobi-13.0.2/restricted,0.0,0.0,0.0,0.0,0.0,0.0,0.0,0.0,0.0,0.0,0.0,0.0
ab7,ab7full,3,20,150,100,0.4087,0.3745458623652881,0.30854522286657743,0.0,0.0,0.0,0.0,90199.9,56403.340939597314,15786.65697812454,1.0,11.0,25.0585,24.807452013422818,8.856262137750647,6.70935e-05,0.0,0.0,0.0,67.0,464.0,0.0,gurobi-13.0.2/restricted,0.0,0.0,0.0,0.0,0.0,0.0,0.0,0.0,0.0,0.0,0.0,0.0
ab7,ab7full,3,40,150,100,0.6103,0.6119233244600303,0.17862167739566287,0.0,0.0,0.0,0.0,115311.0,71832.87382550335,26287.229914719333,2.0,12.0,24.376,23.992142953020135,8.388987951841488,7.46992e-05,0.0,0.0,0.0,142.0,52320.0,0.0,gurobi-13.0.2/restricted,0.0,0.0,0.0,0.0,0.0,0.0,0.0,0.0,0.0,0.0,0.0,0.0
ab7,ab7full,3,60,150,100,0.6103,0.6119233244600303,0.17862167739566287,0.0,0.0,0.0,0.0,115311.0,71832.87382550335,26287.229914719333,2.0,12.0,24.376,23.992142953020135,8.388987951841488,7.14905e-05,0.0,0.0,0.0,142.0,52320.0,0.0,gurobi-13.0.2/restricted,0.0,0.0,0.0,0.0,0.0,0.0,0.0,0.0,0.0,0.0,0.0,0.0
ab7,ab7full,3,80,150,100,0.6681,0.6814562686491504,0.14299261472087424,0.0,0.0,0.0,0.0,136540.0,80818.56711409397,33353.73257421334,3.0,12.0,25.4022,25.218131946308723,9.383903146091168,7.35048e-05,0.0,0.0,0.0,195.0,102044.0,0.0,gurobi-13.0.2/restricted,0.0,0.0,0.0,0.0,0.0,0.0,0.0,0.0,0.0,0.0,0.0,0.0
ab7,ab7full,3,100,150,100,,0.0,0.0,0.0,0.0,0.0,0.0,167998.0,93998.08389261745,43011.58916794039,3.0,12.0,24.9125,24.633106845637585,9.012168816527652,7.13535e-05,0.0,0.0,0.0,264.0,201792.0,0.0,gurobi-13.0.2/restricted,0.0,0.0,0.0,0.0,0.0,0.0,0.0,0.0,0.0,0.0,0.0,0.0
ab7,ab7full,4,20,150,100,0.7645,0.7730705978322951,0.15013327014269687,0.0,0.0,0.0,0.0,12473.1,12469.822147651006,28.101729975258905,0.0,0.0,24.777,24.600338255033556,8.516235544844298,7.02986e-05,0.0,,0.0,196.0,129884.0,0.459459,gurobi-13.0.2/restricted,0.0,0.0,0.0,0.0,0.0,0.0,0.0,0.0,0.0,0.0,0.0,0.0
ab7,ab7full,4,40,150,100,0.6573,0.6734196773212737,0.16245811980748878,0.0,0.0,0.0,0.0,10273.1,10269.0644295302,34.59780965217672,0.0,0.0,24.8027,24.52219268456376,8.351365050746196,7.37366e-05,0.0,,0.0,199.0,260384.0,0.344262,gurobi-13.0.2/restricted,0.0,0.0,0.0,0.0,0.0,0.0,0.0,0.0,0.0,0.0,0.0,0.0
ab7,ab7full,4,60,150,100,0.6234,0.6450776290342572,0.1813516006744523,0.05813668053691275,0.023423772082853928,0.0,0.0,9931.99,9930.628926174497,11.668777311593917,0.0,0.0,24.466,24.109216174496645,7.967059143983999,7.44048e-05,0.0,,0.0,199.0,388266.0,0.268293,gurobi-13.0.2/restricted,0.0,0.0,0.0,0.0,0.0,0.0,0.0,0.0,0.0,0.0,0.0,0.0
ab7,ab7full,4,80,150,100,0.6193,0.6445500460794188,0.18140824336476982,0.16529012617449665,0.06216870616591231,0.0,0.0,10327.4,10326.414765100672,8.446629730483158,0.0,0.0,25.308,25.079230335570468,8.798240719180827,7.41589e-05,0.0,,0.0,202.0,514468.0,0.219512,gurobi-13.0.2/restricted,0.0,0.0,0.0,0.0,0.0,0.0,0.0,0.0,0.0,0.0,0.0,0.0
ab7,ab7full,4,100,150,100,0.6454,0.6688359362152476,0.17918383438097762,0.09015265570469799,0.04056717785675916,0.0,0.0,11443.4,11425.396644295302,101.96257795963905,0.0,0.0,24.9906,24.60343080536913,8.411330195615426,7.27561e-05,0.0,,0.0,203.0,637147.0,0.183673,gurobi-13.0.2/restricted,0.0,0.0,0.0,0.0,0.0,0.0,0.0,0.0,0.0,0.0,0.0,0.0
ab7,ab7off,0,0,150,100,,,,0.0,0.0,8.082373154362415,0.10126269082508751,0.0,0.0,0.0,0.0,0.0,25.1416,24.906765570469798,8.608760021357158,7.94573e-05,0.0,,0.0,0.0,0.0,0.0,gurobi-13.0.2/restricted,0.0,0.0,0.0,0.0,0.0,0.0,0.0,0.0,0.0,0.0,0.0,0.0
ab7,ab7off,1,20,150,100,0.5205,0.5264625659852684,0.06817680096121886,4.797227583892617,0.7723816919198399,6.562052281879194,0.006798032692205823,inf,4247.332738255034,2428.5772243237384,1.0,11.0,31.1194,31.576697382550336,20.091756885957903,7.91328e-05,0.0,0.0,0.0,0.0,0.0,0.0,gurobi-13.0.2/restricted,0.0,0.0,0.0,0.0,0.0,0.0,0.0,0.0,0.0,0.0,0.0,0.0
ab7,ab7off,1,40,150,100,0.638,0.6374061051264898,0.04100851074072637,8.127959597315437,1.3384573694955266,4.249519865771812,0.020303234343675376,inf,3441.874630872483,1505.3587512547388,2.0,12.0,36.3361,37.850312080536916,35.84514394252763,7.60415e-05,0.0,0.0,0.0,0.0,0.0,0.0769231,gurobi-13.0.2/restricted,0.0,0.0,0.0,0.0,0.0,0.0,0.0,0.0,0.0,0.0,0.0,0.0
ab7,ab7off,1,60,150,100,0.638,0.6374061051264898,0.04100851074072637,8.127959597315437,1.3384573694955266,4.249519865771812,0.020303234343675376,inf,3441.874630872483,1505.3587512547388,2.0,12.0,36.3361,37.850312080536916,35.84514394252763,8.07448e-05,0.0,0.0,0.0,0.0,0.0,0.0769231,gurobi-13.0.2/restricted,0.0,0.0,0.0,0.0,0.0,0.0,0.0,0.0,0.0,0.0,0.0,0.0
ab7,ab7off,1,80,150,100,0.7265,0.7248549081777123,0.04559846479972119,13.32906899328859,1.4779603186292285,2.078751476510067,0.003579994071428336,inf,2991.447919463087,1392.238494626007,3.0,12.0,39.1018,40.213060268456374,33.299520436048525,7.74703e-05,0.0,0.0,0.0,0.0,0.0,0.0487805,gurobi-13.0.2/restricted,0.0,0.0,0.0,0.0,0.0,0.0,0.0,0.0,0.0,0.0,0.0,0.0
ab7,ab7off,1,100,150,100,0.7415,0.741600851913033,0.06262740057002403,17.323163758389263,1.8461623462614711,0.0,0.0,inf,2487.073624161074,31.164170362488978,3.0,12.0,44.47,45.72666711409396,40.642720458302705,7.94765e-05,0.0,0.0,0.0,0.0,0.0,0.0576923,gurobi-13.0.2/restricted,0.0,0.0,0.0,0.0,0.0,0.0,0.0,0.0,0.0,0.0,0.0,0.0
ab7,ab7off,2,20,150,100,0.8107,0.8099728946309233,0.05648727028790964,7.151657986577181,0.44764796106945176,0.0,0.0,inf,3624.4112751677853,379.0831403793242,0.0,0.0,80.863,79.13172013422819,50.07653624617783,7.68022e-05,0.0,,0.0,0.0,0.0,0.677419,gurobi-13.0.2/restricted,0.0,0.0,0.0,0.0,0.0,0.0,0.0,0.0,0.0,0.0,0.0,0.0
ab7,ab7off,2,40,150,100,0.912,0.9115798137389282,0.04916239829450688,14.009338926174497,0.557661279493051,0.0,0.0,inf,5827.661543624161,767.0218366594149,0.0,0.0,126.334,115.84452080536913,65.04026632055118,7.72896e-05,0.0,,0.0,0.0,0.0,0.720721,gurobi-13.0.2/restricted,0.0,0.0,0.0,0.0,0.0,0.0,0.0,0.0,0.0,0.0,0.0,0.0
ab7,ab7off,2,60,150,100,0.9321,0.9323106517655338,0.04074619970035468,22.509844295302013,1.0594156459689617,0.0,0.0,inf,8837.29,775.4862086900429,0.0,0.0,187.668,175.0864244966443,80.87662499385094,8.33594e-05,0.0,,0.0,0.0,0.0,0.785714,gurobi-13.0.2/restricted,0.0,0.0,0.0,0.0,0.0,0.0,0.0,0.0,0.0,0.0,0.0,0.0
ab7,ab7off,2,80,150,100,0.9407,0.9405577831665766,0.039751079302277885,31.0868355704698,0.34308633935428007,0.0,0.0,inf,11489.356711409397,1316.498547720783,0.0,0.0,222.451,213.58169597315435,89.34020458164277,7.6349e-05,0.0,,0.0,0.0,0.0,0.813131,gurobi-13.0.2/restricted,0.0,0.0,0.0,0.0,0.0,0.0,0.0,0.0,0.0,0.0,0.0,0.0
ab7,ab7off,2,100,150,100,0.9263,0.925545426779389,0.03809611985557272,40.21909194630872,1.6110974908955815,0.0,0.0,inf,10268.093020134229,1709.8422751733783,0.0,0.0,259.646,252.8091966442953,87.7925374801592,8.4186e-05,0.0,,0.0,0.0,0.0,0.813765,gurobi-13.0.2/restricted,0.0,0.0,0.0,0.0,0.0,0.0,0.0,0.0,0.0,0.0,0.0,0.0
ab7,ab7off,3,20,150,100,0.4087,0.3745458623652881,0.30854522286657743,0.0,0.0,0.0,0.0,inf,56430.27114093959,15807.320975681729,1.0,11.0,25.1416,24.906765570469798,8.608760021357158,7.72867e-05,0.0,0.0,0.0,0.0,0.0,0.0,gurobi-13.0.2/restricted,0.0,0.0,0.0,0.0,0.0,0.0,0.0,0.0,0.0,0.0,0.0,0.0
ab7,ab7off,3,40,150,100,0.6138,0.6152357736089377,0.18101159323962648,1.4222328530201342,1.3903319233952183,0.0,0.0,inf,72781.59865771812,26793.24921296254,2.0,12.0,27.974,28.290429395973156,13.380656498886102,8.03479e-05,0.0,0.0,0.0,0.0,0.0,0.0,gurobi-13.0.2/restricted,0.0,0.0,0.0,0.0,0.0,0.0,0.0,0.0,0.0,0.0,0.0,0.0
ab7,ab7off,3,60,150,100,0.6138,0.6152357736089377,0.18101159323962648,1.4222328530201342,1.3903319233952183,0.0,0.0,inf,72781.59865771812,26793.24921296254,2.0,12.0,27.974,28.290429395973156,13.380656498886102,8.03972e-05,0.0,0.0,0.0,0.0,0.0,0.0,gurobi-13.0.2/restricted,0.0,0.0,0.0,0.0,0.0,0.0,0.0,0.0,0.0,0.0,0.0,0.0
ab7,ab7off,3,80,150,100,0.637,0.6472879580808363,0.1635376374205009,2.158260234228188,2.042856396674346,0.0,0.0,inf,80817.94630872483,33345.93682244932,3.0,12.0,29.4759,30.08466268456376,15.390790233041669,7.93738e-05,0.0,0.0,0.0,0.0,0.0,0.0,gurobi-13.0.2/restricted,0.0,0.0,0.0,0.0,0.0,0.0,0.0,0.0,0.0,0.0,0.0,0.0
ab7,ab7off,3,100,150,100,,0.0,0.0,4.598923424832215,4.379102321391195,0.0,0.0,inf,93999.44161073826,43011.2445744166,3.0,12.0,32.588,33.80244080536913,16.683556579464806,8.23193e-05,0.0,0.0,0.0,0.0,0.0,0.0,gurobi-13.0.2/restricted,0.0,0.0,0.0,0.0,0.0,0.0,0.0,0.0,0.0,0.0,0.0,0.0
ab7,ab7off,4,20,150,100,0.7043,0.7054548776748528,0.13189257572558763,4.192288984563758,2.6686544507234964,0.0,0.0,inf,0.0,0.0,0.0,0.0,31.6977,32.73885583892618,15.562249577460838,7.70579e-05,0.0,,0.0,0.0,0.0,1.0,gurobi-13.0.2/restricted,0.0,0.0,0.0,0.0,0.0,0.0,0.0,0.0,0.0,0.0,0.0,0.0
ab7,ab7off,4,40,150,100,0.6722,0.6782925429542027,0.10179513679357287,6.862861033557047,3.1684462571904346,0.0,0.0,inf,0.0,0.0,0.0,0.0,33.6569,34.966764832214764,16.819969434539324,7.9593e-05,0.0,,0.0,0.0,0.0,1.0,gurobi-13.0.2/restricted,0.0,0.0,0.0,0.0,0.0,0.0,0.0,0.0,0.0,0.0,0.0,0.0
ab7,ab7off,4,60,150,100,0.6173,0.6299904888084715,0.0482287130760489,8.877630335570469,3.175284220859103,0.0,0.0,inf,0.0,0.0,0.0,0.0,36.7157,38.511129194630875,19.349963710889007,8.13357e-05,0.0,,0.0,0.0,0.0,1.0,gurobi-13.0.2/restricted,0.0,0.0,0.0,0.0,0.0,0.0,0.0,0.0,0.0,0.0,0.0,0.0
ab7,ab7off,4,80,150,100,0.6525,0.6680869287527043,0.045956047407469565,10.22103865771812,3.3197521824515994,0.0,0.0,inf,0.0,0.0,0.0,0.0,35.1316,36.458430268456375,18.804571702121056,8.08062e-05,0.0,,0.0,0.0,0.0,1.0,gurobi-13.0.2/restricted,0.0,0.0,0.0,0.0,0.0,0.0,0.0,0.0,0.0,0.0,0.0,0.0
ab7,ab7off,4,100,150,100,0.6576,0.6755422202641906,0.0660755136725597,10.24431879194631,3.2906350448797097,0.0,0.0,inf,0.0,0.0,0.0,0.0,34.2281,35.64376234899329,18.720510385203603,8.37406e-05,0.0,,0.0,0.0,0.0,1.0,gurobi-13.0.2/restricted,0.0,0.0,0.0,0.0,0.0,0.0,0.0,0.0,0.0,0.0,0.0,0.0
ab1,ab1sub,0,0,150,100,,,,0.0,0.0,0.0,0.0,0.0,0.0,0.0,0.0,0.0,25.1776,24.94982241610738,8.78928239695229,7.57683e-05,0.0,,0.0,61.0,452.0,0.0,gurobi-13.0.2/restricted,0.0,0.0,0.0,0.0,0.0,0.0,0.0,0.0,0.0,0.0,0.0,0.0
ab1,ab1sub,1,20,150,100,,-0.0028450298493088383,0.010257901001908603,0.2933124429530201,0.15150814507811733,0.0,0.0,5514.44,5447.16543624161,334.7227302895049,1.0,11.0,25.6505,25.285898322147652,8.377777771157689,7.55285e-05,0.0,0.0,0.0,34.0,2116.0,0.0,gurobi-13.0.2/restricted,0.0,0.0,0.0,0.0,0.0,0.0,0.0,0.0,0.0,0.0,0.0,0.0
ab1,ab1sub,1,40,150,100,,-0.016632610152856792,0.021884461074669268,0.5022160402684563,0.22374304121759941,0.0,0.0,4439.43,3296.2629530201343,1346.9263634105394,2.0,12.0,25.9187,24.83893758389262,8.68828138908397,8.18243e-05,0.0,0.0,0.0,60.0,2954.0,0.0,gurobi-13.0.2/restricted,0.0,0.0,0.0,0.0,0.0,0.0,0.0,0.0,0.0,0.0,0.0,0.0
ab1,ab1sub,1,60,150,100,,-0.016632610152856792,0.021884461074669268,0.5022160402684563,0.22374304121759941,0.0,0.0,4439.43,3296.2629530201343,1346.9263634105394,2.0,12.0,25.9187,24.83893758389262,8.68828138908397,7.9799e-05,0.0,0.0,0.0,60.0,2954.0,0.0,gurobi-13.0.2/restricted,0.0,0.0,0.0,0.0,0.0,0.0,0.0,0.0,0.0,0.0,0.0,0.0
ab1,ab1sub,1,80,150,100,,-0.013921094941688817,0.03413578671987904,0.8349628590604027,0.39715518549451356,0.0,0.0,4086.9,3928.2365771812083,377.70073554056216,3.0,12.0,26.6982,25.468100067114094,8.567275058834841,7.76157e-05,0.0,0.0,0.0,120.0,5166.0,0.0,gurobi-13.0.2/restricted,0.0,0.0,0.0,0.0,0.0,0.0,0.0,0.0,0.0,0.0,0.0,0.0
ab1,ab1sub,1,100,150,100,,-0.02404654930243712,0.03897761936281963,1.1211022147651006,0.525671695859414,0.0,0.0,7085.5,5727.171409395974,1539.9042451857085,3.0,12.0,26.2689,25.017058389261745,9.48553662867701,7.898e-05,0.0,0.0,0.0,133.0,5939.0,0.0,gurobi-13.0.2/restricted,0.0,0.0,0.0,0.0,0.0,0.0,0.0,0.0,0.0,0.0,0.0,0.0
ab1,ab1sub,2,20,150,100,0.0471,0.010227380696261843,0.05467377612340823,0.6011829932885906,0.29152112952431797,0.0,0.0,20170.2,12343.65033557047,8897.19911898094,0.0,0.0,28.44,25.654710738255034,9.917209909929445,7.46647e-05,0.0,,0.0,47.0,5340.0,0.893617,gurobi-13.0.2/restricted,0.0,0.0,0.0,0.0,0.0,0.0,0.0,0.0,0.0,0.0,0.0,0.0
ab1,ab1sub,2,40,150,100,0.0791,0.07258305195794526,0.15950161047195735,1.2741036711409397,0.4886471117721537,0.0,0.0,26506.1,19051.899597315434,8015.992125539164,0.0,0.0,29.3021,25.430210604026847,10.414368472076717,7.09796e-05,0.0,,0.0,99.0,12097.0,0.824176,gurobi-13.0.2/restricted,0.0,0.0,0.0,0.0,0.0,0.0,0.0,0.0,0.0,0.0,0.0,0.0
ab1,ab1sub,2,60,150,100,0.1447,0.07226732205038333,0.13765188319957952,1.6607130201342282,0.6629689304187921,0.0,0.0,17923.2,16532.99375838926,2477.356658337951,0.0,0.0,31.4289,26.012157785234898,11.371539742028283,7.28465e-05,0.0,,0.0,133.0,16613.0,0.818898,gurobi-13.0.2/restricted,0.0,0.0,0.0,0.0,0.0,0.0,0.0,0.0,0.0,0.0,0.0,0.0
ab1,ab1sub,2,80,150,100,0.1358,0.053587268713870095,0.13114686121092026,2.022968389261745,0.9054947558696697,0.0,0.0,21483.3,16291.285503355704,4276.2713207740235,0.0,0.0,32.6841,26.241404697986578,12.417204773532609,7.60019e-05,0.0,,0.0,174.0,19657.0,0.821429,gurobi-13.0.2/restricted,0.0,0.0,0.0,0.0,0.0,0.0,0.0,0.0,0.0,0.0,0.0,0.0
ab1,ab1sub,2,100,150,100,0.0241,-0.006589729749511348,0.03649096330158582,2.24737644295302,1.102630604992384,0.0,0.0,18398.2,12655.291275167785,3371.423079923271,0.0,0.0,32.8146,25.596972617449666,11.763134368470098,7.13065e-05,0.0,,0.0,168.0,22832.0,0.761111,gurobi-13.0.2/restricted,0.0,0.0,0.0,0.0,0.0,0.0,0.0,0.0,0.0,0.0,0.0,0.0
ab1,ab1sub,3,20,150,100,0.4096,0.3778248616938756,0.30662203741051136,0.0,0.0,0.0,0.0,82248.1,55315.21409395973,14930.714378626033,1.0,11.0,25.1155,24.875592416107384,8.757925519763246,7.32966e-05,0.0,0.0,0.0,66.0,464.0,0.0,gurobi-13.0.2/restricted,0.0,0.0,0.0,0.0,0.0,0.0,0.0,0.0,0.0,0.0,0.0,0.0
ab1,ab1sub,3,40,150,100,0.6048,0.6063476450152532,0.1802650053426395,0.0,0.0,0.0,0.0,115311.0,71832.82483221477,26287.20896262194,2.0,12.0,24.4456,24.07527852348993,8.7474848949162,7.16902e-05,0.0,0.0,0.0,141.0,52292.0,0.0,gurobi-13.0.2/restricted,0.0,0.0,0.0,0.0,0.0,0.0,0.0,0.0,0.0,0.0,0.0,0.0
ab1,ab1sub,3,60,150,100,0.6048,0.6063476450152532,0.1802650053426395,0.0,0.0,0.0,0.0,115311.0,71832.82483221477,26287.20896262194,2.0,12.0,24.4456,24.07527852348993,8.7474848949162,7.12523e-05,0.0,0.0,0.0,141.0,52292.0,0.0,gurobi-13.0.2/restricted,0.0,0.0,0.0,0.0,0.0,0.0,0.0,0.0,0.0,0.0,0.0,0.0
ab1,ab1sub,3,80,150,100,0.6665,0.6800003156883061,0.14336140308914533,0.0,0.0,0.0,0.0,136519.0,80806.13892617449,33343.90766295495,3.0,12.0,25.3899,25.203380268456375,10.250245903515134,6.80216e-05,0.0,0.0,0.0,196.0,102036.0,0.0,gurobi-13.0.2/restricted,0.0,0.0,0.0,0.0,0.0,0.0,0.0,0.0,0.0,0.0,0.0,0.0
ab1,ab1sub,3,100,150,100,,0.0,0.0,0.0,0.0,0.0,0.0,167998.0,93998.05436241611,43011.58336260345,3.0,12.0,24.9125,24.633106845637585,9.012168816527652,7.05555e-05,0.0,0.0,0.0,264.0,201792.0,0.0,gurobi-13.0.2/restricted,0.0,0.0,0.0,0.0,0.0,0.0,0.0,0.0,0.0,0.0,0.0,0.0
ab1,ab1sub,4,20,150,100,0.7645,0.7730705978322951,0.15013327014269687,0.0,0.0,0.0,0.0,12473.1,12469.822147651006,28.101729975258905,0.0,0.0,24.777,24.600338255033556,8.516235544844298,7.49903e-05,0.0,,0.0,196.0,129884.0,0.459459,gurobi-13.0.2/restricted,0.0,0.0,0.0,0.0,0.0,0.0,0.0,0.0,0.0,0.0,0.0,0.0
ab1,ab1sub,4,40,150,100,0.6573,0.6734196773212737,0.16245811980748878,0.0,0.0,0.0,0.0,10273.1,10269.0644295302,34.59780965217672,0.0,0.0,24.8027,24.52219268456376,8.351365050746196,7.02319e-05,0.0,,0.0,199.0,260384.0,0.344262,gurobi-13.0.2/restricted,0.0,0.0,0.0,0.0,0.0,0.0,0.0,0.0,0.0,0.0,0.0,0.0
ab1,ab1sub,4,60,150,100,0.6234,0.6450776290342572,0.1813516006744523,0.05820373624161074,0.02337221520557548,0.0,0.0,9931.99,9930.628926174497,11.668777311593917,0.0,0.0,24.756,24.455662818791946,8.881410894938993,7.13432e-05,0.0,,0.0,199.0,388262.0,0.268293,gurobi-13.0.2/restricted,0.0,0.0,0.0,0.0,0.0,0.0,0.0,0.0,0.0,0.0,0.0,0.0
ab1,ab1sub,4,80,150,100,0.6277,0.6517460200543114,0.175518543990044,0.17195708053691275,0.057245857912057475,0.0,0.0,10327.4,10326.414765100672,8.446629730483158,0.0,0.0,24.9888,24.697875838926176,7.9782612438837734,6.87061e-05,0.0,,0.0,203.0,514460.0,0.219512,gurobi-13.0.2/restricted,0.0,0.0,0.0,0.0,0.0,0.0,0.0,0.0,0.0,0.0,0.0,0.0
ab1,ab1sub,4,100,150,100,0.6426,0.6663481167531669,0.1809788404778354,0.09071506174496645,0.04021769107577897,0.0,0.0,11443.4,11425.396644295302,101.96257795963905,0.0,0.0,25.0869,24.718486979865773,8.71178604294835,6.93332e-05,0.0,,0.0,203.0,637171.0,0.183673,gurobi-13.0.2/restricted,0.0,0.0,0.0,0.0,0.0,0.0,0.0,0.0,0.0,0.0,0.0,0.0
ab4,ab4sub,2,20,150,100,0.8765,0.8869537368861442,0.08520869547220063,0.6011829932885906,0.29152112952431797,0.0,0.0,6665.18,4491.135033557047,2471.448056858536,0.0,0.0,28.44,25.654710738255034,9.917209909929445,2.57163e-05,24307.0,,0.0,47.0,5340.0,0.7,gurobi-13.0.2/restricted,0.0,0.0,0.0,0.0,0.0,0.0,0.0,0.0,0.0,0.0,0.0,0.0
ab4,ab4sub,2,40,150,100,0.946,0.9491823639079119,0.04023891118907763,1.2741036711409397,0.4886471117721537,0.0,0.0,17588.6,12785.887852348993,5343.208200324173,0.0,0.0,29.3021,25.430210604026847,10.414368472076717,2.48097e-05,20150.0,,0.0,99.0,12097.0,0.735294,gurobi-13.0.2/restricted,0.0,0.0,0.0,0.0,0.0,0.0,0.0,0.0,0.0,0.0,0.0,0.0
ab4,ab4sub,2,60,150,100,0.9829,0.9853984701679521,0.026549637776545582,1.6607130201342282,0.6629689304187921,0.0,0.0,13187.1,12175.177181208053,1781.6243850031053,0.0,0.0,31.4289,26.012157785234898,11.371539742028283,2.47284e-05,20450.0,,0.0,133.0,16613.0,0.75,gurobi-13.0.2/restricted,0.0,0.0,0.0,0.0,0.0,0.0,0.0,0.0,0.0,0.0,0.0,0.0
ab4,ab4sub,2,80,150,100,0.9915,0.9924318835736413,0.014744525543075659,2.022968389261745,0.9054947558696697,0.0,0.0,21089.6,15884.955570469798,4413.960083100952,0.0,0.0,32.6841,26.241404697986578,12.417204773532609,2.5797e-05,21748.0,,0.0,174.0,19657.0,0.804598,gurobi-13.0.2/restricted,0.0,0.0,0.0,0.0,0.0,0.0,0.0,0.0,0.0,0.0,0.0,0.0
ab4,ab4sub,2,100,150,100,0.9828,0.9838788352003645,0.022454407478575984,2.24737644295302,1.102630604992384,0.0,0.0,20086.4,14264.916375838926,3713.9029122848838,0.0,0.0,32.8146,25.596972617449666,11.763134368470098,2.70041e-05,22401.0,,0.0,168.0,22832.0,0.752747,gurobi-13.0.2/restricted,0.0,0.0,0.0,0.0,0.0,0.0,0.0,0.0,0.0,0.0,0.0,0.0
ab8,ab8full,1,20,150,100,0.4877,0.4971548421365146,0.071575149497601,0.28418307382550334,0.1364211786491676,6.546270134228188,0.0199174602834563,15175.4,6223.265033557047,2138.618444470094,1.0,11.0,25.4749,25.233682617449663,9.297292827057106,6.61559e-05,,0.0,0.0,49.0,2496.0,0.0,gurobi-13.0.2/restricted,,,,,,,,,,,,
ab8,ab8full,1,40,150,100,0.6325,0.6326682580707258,0.05310205148619106,0.5669361543624161,0.27187579776068654,4.248905637583893,0.004501340787897548,13425.4,7169.427181208054,2243.410003883883,2.0,12.0,25.9786,25.168792617449665,7.843715376088453,6.62789e-05,,0.0,0.0,64.0,3044.0,0.0,gurobi-13.0.2/restricted,,,,,,,,,,,,
ab8,ab8full,1,60,150,100,0.6325,0.6326682580707258,0.05310205148619106,0.5669361543624161,0.27187579776068654,4.248905637583893,0.004501340787897548,13425.4,7169.427181208054,2243.410003883883,2.0,12.0,25.9786,25.168792617449665,7.843715376088453,6.73232e-05,,0.0,0.0,64.0,3044.0,0.0,gurobi-13.0.2/restricted,,,,,,,,,,,,
ab8,ab8full,1,80,150,100,0.8389,0.8424673035876099,0.060061857581532804,0.8885033959731543,0.42015268923689025,2.0681415436241615,0.0022520400072835196,10220.7,6497.485167785235,1285.7487370565143,3.0,12.0,26.2012,25.102335704697985,9.108629837040356,6.67732e-05,,0.0,0.0,127.0,5321.0,0.0222222,gurobi-13.0.2/restricted,,,,,,,,,,,,
ab8,ab8full,1,100,150,100,0.9647,0.9706218787980233,0.046476995690713306,1.1664683288590605,0.5792876956416891,0.0,0.0,9810.34,6538.029731543625,1508.7153478035261,3.0,12.0,26.0243,25.543997986577182,9.668283492228769,6.42535e-05,,0.0,0.0,124.0,5825.0,0.0,gurobi-13.0.2/restricted,,,,,,,,,,,,
ab8,ab8full,3,20,150,100,0.4087,0.3745458623652881,0.30854522286657743,0.0,0.0,0.0,0.0,90199.9,56403.340939597314,15786.65697812454,1.0,11.0,25.0585,24.807452013422818,8.856262137750647,7.07069e-05,,0.0,0.0,67.0,464.0,0.0,gurobi-13.0.2/restricted,,,,,,,,,,,,
ab8,ab8full,3,40,150,100,0.6103,0.6119233244600303,0.17862167739566287,0.0,0.0,0.0,0.0,115311.0,71832.87382550335,26287.229914719333,2.0,12.0,24.376,23.992142953020135,8.388987951841488,6.16447e-05,,0.0,0.0,142.0,52320.0,0.0,gurobi-13.0.2/restricted,,,,,,,,,,,,
ab8,ab8full,3,60,150,100,0.6103,0.6119233244600303,0.17862167739566287,0.0,0.0,0.0,0.0,115311.0,71832.87382550335,26287.229914719333,2.0,12.0,24.376,23.992142953020135,8.388987951841488,6.2791e-05,,0.0,0.0,142.0,52320.0,0.0,gurobi-13.0.2/restricted,,,,,,,,,,,,
ab8,ab8full,3,80,150,100,0.6681,0.6814562686491504,0.14299261472087424,0.0,0.0,0.0,0.0,136540.0,80818.56711409397,33353.73257421334,3.0,12.0,25.4022,25.218131946308723,9.383903146091168,6.7953e-05,,0.0,0.0,195.0,102044.0,0.0,gurobi-13.0.2/restricted,,,,,,,,,,,,
ab8,ab8full,3,100,150,100,,0.0,0.0,0.0,0.0,0.0,0.0,167998.0,93998.08389261745,43011.58916794039,3.0,12.0,24.9125,24.633106845637585,9.012168816527652,6.37237e-05,,0.0,0.0,264.0,201792.0,0.0,gurobi-13.0.2/restricted,,,,,,,,,,,,
ab8,ab8sub,1,20,150,100,0.4949,0.5025229387271604,0.066350016568708,0.29589875167785235,0.14060011272833395,6.560586912751678,0.01996727217859588,16863.0,6366.623087248322,2546.959457925332,0.0,0.0,25.2245,25.030177583892616,9.037254450234695,6.67193e-05,,100.0,0.0,36.0,2109.0,0.0,gurobi-13.0.2/restricted,,,,,,,,,,,,
ab8,ab8sub,1,40,150,100,0.6333,0.6321688236420437,0.04703701701346354,0.5640156577181208,0.2731064831467552,4.474753959731544,0.007461314710319612,16786.3,6147.92,3720.2934438492416,0.0,0.0,25.5681,24.86514912751678,8.489172088548555,6.73349e-05,,100.0,0.0,68.0,3173.0,0.0,gurobi-13.0.2/restricted,,,,,,,,,,,,
ab8,ab8sub,1,60,150,100,0.6333,0.6321688236420437,0.04703701701346354,0.5640156577181208,0.2731064831467552,4.474753959731544,0.007461314710319612,16786.3,6147.92,3720.2934438492416,0.0,0.0,25.5681,24.86514912751678,8.489172088548555,5.94577e-05,,100.0,0.0,68.0,3173.0,0.0,gurobi-13.0.2/restricted,,,,,,,,,,,,
ab8,ab8sub,1,80,150,100,0.8305,0.8346508009402025,0.06314007722381583,0.9019445369127517,0.4075145442270054,2.0729006040268456,0.002258780103200443,12252.9,8007.826912751678,1677.3529903111942,0.0,0.0,26.1942,24.510960939597314,8.31210135379045,6.08768e-05,,100.0,0.0,133.0,5671.0,0.0,gurobi-13.0.2/restricted,,,,,,,,,,,,
ab8,ab8sub,1,100,150,100,0.9647,0.9706218787980233,0.046476995690713306,1.1664683288590605,0.5792876956416891,0.0,0.0,9810.34,6538.029731543625,1508.7153478035261,0.0,0.0,26.0243,25.543997986577182,9.668283492228769,5.99286e-05,,100.0,0.0,124.0,5825.0,0.0,gurobi-13.0.2/restricted,,,,,,,,,,,,
ab8,ab8sub,3,20,150,100,0.9054,0.9075057743373872,0.045365431436346144,0.0,0.0,0.0,0.0,167998.0,93998.14563758389,43011.61548217069,0.0,0.0,24.4456,24.07527852348993,8.7474848949162,5.84551e-05,,100.0,0.0,141.0,52292.0,0.0,gurobi-13.0.2/restricted,,,,,,,,,,,,
ab8,ab8sub,3,40,150,100,0.9351,0.9356878890166019,0.034637313640048725,0.0,0.0,0.0,0.0,167998.0,93998.1033557047,43011.60480417651,0.0,0.0,25.039,24.78416590604027,9.199568033949298,5.68554e-05,,100.0,0.0,198.0,101944.0,0.0,gurobi-13.0.2/restricted,,,,,,,,,,,,
ab8,ab8sub,3,60,150,100,0.9351,0.9356878890166019,0.034637313640048725,0.0,0.0,0.0,0.0,167998.0,93998.1033557047,43011.60480417651,0.0,0.0,25.039,24.78416590604027,9.199568033949298,5.92043e-05,,100.0,0.0,198.0,101944.0,0.0,gurobi-13.0.2/restricted,,,,,,,,,,,,
ab8,ab8sub,3,80,150,100,0.9821,0.9821349346428185,0.020628800586117952,0.0,0.0,0.0,0.0,167998.0,93998.08993288591,43011.60059020404,0.0,0.0,25.139,24.90363677852349,8.474051519435434,5.74949e-05,,100.0,0.0,239.0,152364.0,0.0,gurobi-13.0.2/restricted,,,,,,,,,,,,
ab8,ab8sub,3,100,150,100,,0.0,0.0,0.0,0.0,0.0,0.0,167998.0,93998.08389261745,43011.58916794039,0.0,0.0,24.9125,24.633106845637585,9.012168816527652,5.8431e-05,,100.0,0.0,264.0,201792.0,0.0,gurobi-13.0.2/restricted,,,,,,,,,,,,
ab9,ab9sub,1,40,150,100,0.6333,0.6321688236420437,0.04703701701346354,0.5640156577181208,0.2731064831467552,4.474753959731544,0.007461314710319612,16786.3,6147.92,3720.2934438492416,0.0,inf,25.5681,24.86514912751678,8.489172088548555,7.83197e-05,0.0,0.0,0.0,68.0,3173.0,0.0,gurobi-13.0.2/restricted,0.0,0.0,0.0,0.0,0.0,0.0,0.0,0.0,0.0,0.0,0.0,0.0
ab9,ab9sub,1,60,150,100,0.6333,0.6321688236420437,0.04703701701346354,0.5640156577181208,0.2731064831467552,4.474753959731544,0.007461314710319612,16786.3,6147.92,3720.2934438492416,0.0,inf,25.5681,24.86514912751678,8.489172088548555,7.63649e-05,0.0,0.0,0.0,68.0,3173.0,0.0,gurobi-13.0.2/restricted,0.0,0.0,0.0,0.0,0.0,0.0,0.0,0.0,0.0,0.0,0.0,0.0
ab9,ab9sub,1,80,150,100,0.8305,0.8346508009402025,0.06314007722381583,0.9019445369127517,0.4075145442270054,2.0729006040268456,0.002258780103200443,12252.9,8007.826912751678,1677.3529903111942,0.0,inf,26.1942,24.510960939597314,8.31210135379045,7.8546e-05,0.0,0.0,0.0,133.0,5671.0,0.0,gurobi-13.0.2/restricted,0.0,0.0,0.0,0.0,0.0,0.0,0.0,0.0,0.0,0.0,0.0,0.0
ab9,ab9sub,1,100,150,100,0.9647,0.9706218787980233,0.046476995690713306,1.1664683288590605,0.5792876956416891,0.0,0.0,9810.34,6538.029731543625,1508.7153478035261,0.0,inf,26.0243,25.543997986577182,9.668283492228769,7.65914e-05,0.0,0.0,0.0,124.0,5825.0,0.0,gurobi-13.0.2/restricted,0.0,0.0,0.0,0.0,0.0,0.0,0.0,0.0,0.0,0.0,0.0,0.0
ab12,ab12sub,1,40,150,100,0.6333,0.6321688236420437,0.04703701701346354,0.5640156577181208,0.2731064831467552,4.474753959731544,0.007461314710319612,16786.3,6147.92,3720.2934438492416,0.0,inf,25.5681,24.86514912751678,8.489172088548555,7.89866e-05,0.0,100.0,0.0,68.0,3173.0,0.0,gurobi-13.0.2/restricted,0.0,0.0,0.0,0.0,0.0,0.0,0.0,0.0,0.0,0.0,0.0,0.0
ab12,ab12sub,1,60,150,100,0.6333,0.6321688236420437,0.04703701701346354,0.5640156577181208,0.2731064831467552,4.474753959731544,0.007461314710319612,16786.3,6147.92,3720.2934438492416,0.0,inf,25.5681,24.86514912751678,8.489172088548555,7.31573e-05,0.0,100.0,0.0,68.0,3173.0,0.0,gurobi-13.0.2/restricted,0.0,0.0,0.0,0.0,0.0,0.0,0.0,0.0,0.0,0.0,0.0,0.0
ab12,ab12sub,1,80,150,100,0.8305,0.8346508009402025,0.06314007722381583,0.9019445369127517,0.4075145442270054,2.0729006040268456,0.002258780103200443,12252.9,8007.826912751678,1677.3529903111942,0.0,inf,26.1942,24.510960939597314,8.31210135379045,7.788e-05,0.0,100.0,0.0,133.0,5671.0,0.0,gurobi-13.0.2/restricted,0.0,0.0,0.0,0.0,0.0,0.0,0.0,0.0,0.0,0.0,0.0,0.0
ab12,ab12sub,1,100,150,100,0.9647,0.9706218787980233,0.046476995690713306,1.1664683288590605,0.5792876956416891,0.0,0.0,9810.34,6538.029731543625,1508.7153478035261,0.0,inf,26.0243,25.543997986577182,9.668283492228769,7.84677e-05,0.0,100.0,0.0,124.0,5825.0,0.0,gurobi-13.0.2/restricted,0.0,0.0,0.0,0.0,0.0,0.0,0.0,0.0,0.0,0.0,0.0,0.0
ab9,ab9sub,3,40,150,100,0.9351,0.9356878890166019,0.034637313640048725,0.0,0.0,0.0,0.0,167998.0,93998.1033557047,43011.60480417651,0.0,inf,25.039,24.78416590604027,9.199568033949298,7.11859e-05,0.0,0.0,0.0,198.0,101944.0,0.0,gurobi-13.0.2/restricted,0.0,0.0,0.0,0.0,0.0,0.0,0.0,0.0,0.0,0.0,0.0,0.0
ab9,ab9sub,3,60,150,100,0.9351,0.9356878890166019,0.034637313640048725,0.0,0.0,0.0,0.0,167998.0,93998.1033557047,43011.60480417651,0.0,inf,25.039,24.78416590604027,9.199568033949298,7.21581e-05,0.0,0.0,0.0,198.0,101944.0,0.0,gurobi-13.0.2/restricted,0.0,0.0,0.0,0.0,0.0,0.0,0.0,0.0,0.0,0.0,0.0,0.0
ab9,ab9sub,3,80,150,100,0.9821,0.9821349346428185,0.020628800586117952,0.0,0.0,0.0,0.0,167998.0,93998.08993288591,43011.60059020404,0.0,inf,25.139,24.90363677852349,8.474051519435434,7.6356e-05,0.0,0.0,0.0,239.0,152364.0,0.0,gurobi-13.0.2/restricted,0.0,0.0,0.0,0.0,0.0,0.0,0.0,0.0,0.0,0.0,0.0,0.0
ab9,ab9sub,3,100,150,100,,0.0,0.0,0.0,0.0,0.0,0.0,167998.0,93998.08389261745,43011.58916794039,0.0,inf,24.9125,24.633106845637585,9.012168816527652,7.31274e-05,0.0,0.0,0.0,264.0,201792.0,0.0,gurobi-13.0.2/restricted,0.0,0.0,0.0,0.0,0.0,0.0,0.0,0.0,0.0,0.0,0.0,0.0
ab12,ab12sub,3,40,150,100,0.9351,0.9356878890166019,0.034637313640048725,0.0,0.0,0.0,0.0,167998.0,93998.1033557047,43011.60480417651,0.0,inf,25.039,24.78416590604027,9.199568033949298,7.17401e-05,0.0,100.0,0.0,198.0,101944.0,0.0,gurobi-13.0.2/restricted,0.0,0.0,0.0,0.0,0.0,0.0,0.0,0.0,0.0,0.0,0.0,0.0
ab12,ab12sub,3,60,150,100,0.9351,0.9356878890166019,0.034637313640048725,0.0,0.0,0.0,0.0,167998.0,93998.1033557047,43011.60480417651,0.0,inf,25.039,24.78416590604027,9.199568033949298,7.54118e-05,0.0,100.0,0.0,198.0,101944.0,0.0,gurobi-13.0.2/restricted,0.0,0.0,0.0,0.0,0.0,0.0,0.0,0.0,0.0,0.0,0.0,0.0
ab12,ab12sub,3,80,150,100,0.9821,0.9821349346428185,0.020628800586117952,0.0,0.0,0.0,0.0,167998.0,93998.08993288591,43011.60059020404,0.0,inf,25.139,24.90363677852349,8.474051519435434,7.36238e-05,0.0,100.0,0.0,239.0,152364.0,0.0,gurobi-13.0.2/restricted,0.0,0.0,0.0,0.0,0.0,0.0,0.0,0.0,0.0,0.0,0.0,0.0
ab12,ab12sub,3,100,150,100,,0.0,0.0,0.0,0.0,0.0,0.0,167998.0,93998.08389261745,43011.58916794039,0.0,inf,24.9125,24.633106845637585,9.012168816527652,6.89744e-05,0.0,100.0,0.0,264.0,201792.0,0.0,gurobi-13.0.2/restricted,0.0,0.0,0.0,0.0,0.0,0.0,0.0,0.0,0.0,0.0,0.0,0.0
ab10,ab10sub,1,40,150,100,0.6441,0.6440023283928132,0.04462227590087435,8.127959597315437,1.3384573694955266,4.249519865771812,0.020303234343675376,25317.7,16291.263020134229,4085.1576571385167,2.0,12.0,36.3361,37.850312080536916,35.84514394252763,0.000153665,0.0,0.0,30.83577426283929,41.0,0.0,0.0833333,gurobi-13.0.2/restricted,0.0,0.0,0.0,0.0,0.0,0.0,0.0,0.0,0.0,0.0,0.0,0.0
ab10,ab10sub,1,60,150,100,0.6441,0.6440023283928132,0.04462227590087435,8.127959597315437,1.3384573694955266,4.249519865771812,0.020303234343675376,25317.7,16291.263020134229,4085.1576571385167,2.0,12.0,36.3361,37.850312080536916,35.84514394252763,0.000147623,0.0,0.0,30.83577426283929,41.0,0.0,0.0833333,gurobi-13.0.2/restricted,0.0,0.0,0.0,0.0,0.0,0.0,0.0,0.0,0.0,0.0,0.0,0.0
ab10,ab10sub,1,80,150,100,0.7882,0.7868205116700748,0.04157490673919704,13.32906899328859,1.4779603186292285,2.078751476510067,0.003579994071428336,20236.1,13280.849328859062,3556.018405686633,3.0,12.0,39.1018,40.213060268456374,33.299520436048525,0.000147521,0.0,0.0,47.803887415993586,46.0,0.0,0.0714286,gurobi-13.0.2/restricted,0.0,0.0,0.0,0.0,0.0,0.0,0.0,0.0,0.0,0.0,0.0,0.0
ab10,ab10sub,1,100,150,100,0.9977,0.9977974314636636,0.007941473795484487,17.323163758389263,1.8461623462614711,0.0,0.0,4500.44,4680.691543624162,96.14063093411247,3.0,12.0,44.47,45.72666711409396,40.642720458302705,0.000147366,0.0,0.0,100.0,1.0,0.0,0.130435,gurobi-13.0.2/restricted,0.0,0.0,0.0,0.0,0.0,0.0,0.0,0.0,0.0,0.0,0.0,0.0
ab10,ab10sub,2,40,150,100,0.9157,0.9154646593549063,0.047706973163538544,14.009338926174497,0.557661279493051,0.0,0.0,12297.8,10867.81543624161,2647.6382469712153,0.0,0.0,126.334,115.84452080536913,65.04026632055118,0.000151119,0.0,,46.78754418715494,106.0,0.0,0.720721,gurobi-13.0.2/restricted,0.0,0.0,0.0,0.0,0.0,0.0,0.0,0.0,0.0,0.0,0.0,0.0
ab10,ab10sub,2,60,150,100,0.9448,0.9449430650254542,0.03599980546717281,22.509844295302013,1.0594156459689617,0.0,0.0,17732.8,15580.330805369127,3208.522404726444,0.0,0.0,187.668,175.0864244966443,80.87662499385094,0.000144776,0.0,,47.36218660583869,153.0,0.0,0.79085,gurobi-13.0.2/restricted,0.0,0.0,0.0,0.0,0.0,0.0,0.0,0.0,0.0,0.0,0.0,0.0
ab10,ab10sub,2,80,150,100,0.9665,0.9661405196492059,0.024570964256240373,31.0868355704698,0.34308633935428007,0.0,0.0,19317.1,16070.833221476509,4335.694246044135,0.0,0.0,222.451,213.58169597315435,89.34020458164277,0.000149725,0.0,,81.7133671461434,181.0,0.0,0.851852,gurobi-13.0.2/restricted,0.0,0.0,0.0,0.0,0.0,0.0,0.0,0.0,0.0,0.0,0.0,0.0
ab10,ab10sub,2,100,150,100,0.9977,0.9977889067171628,0.007972210206103423,40.21909194630872,1.6110974908955815,0.0,0.0,1986.19,1870.0109395973154,61.96633850601462,0.0,0.0,259.646,252.8091966442953,87.7925374801592,0.000144778,0.0,,100.0,200.0,0.0,0.881579,gurobi-13.0.2/restricted,0.0,0.0,0.0,0.0,0.0,0.0,0.0,0.0,0.0,0.0,0.0,0.0
ab10,ab10sub,3,40,150,100,0.6138,0.6152357736089377,0.18101159323962648,1.4222328530201342,1.3903319233952183,0.0,0.0,116842.0,72781.40201342282,26793.306145324994,2.0,12.0,27.974,28.290429395973156,13.380656498886102,0.000125115,0.0,0.0,31.572230325321833,70.0,0.0,0.0,gurobi-13.0.2/restricted,0.0,0.0,0.0,0.0,0.0,0.0,0.0,0.0,0.0,0.0,0.0,0.0
ab10,ab10sub,3,60,150,100,0.6138,0.6152357736089377,0.18101159323962648,1.4222328530201342,1.3903319233952183,0.0,0.0,116842.0,72781.40201342282,26793.306145324994,2.0,12.0,27.974,28.290429395973156,13.380656498886102,0.000124105,0.0,0.0,31.572230325321833,70.0,0.0,0.0,gurobi-13.0.2/restricted,0.0,0.0,0.0,0.0,0.0,0.0,0.0,0.0,0.0,0.0,0.0,0.0
ab10,ab10sub,3,80,150,100,0.637,0.6472879580808363,0.1635376374205009,2.158260234228188,2.042856396674346,0.0,0.0,136519.0,80817.2966442953,33346.11345182628,3.0,12.0,29.4759,30.08466268456376,15.390790233041669,0.000117994,0.0,0.0,47.70596590909091,100.0,0.0,0.0,gurobi-13.0.2/restricted,0.0,0.0,0.0,0.0,0.0,0.0,0.0,0.0,0.0,0.0,0.0,0.0
ab10,ab10sub,3,100,150,100,,0.0,0.0,4.598923424832215,4.379102321391195,0.0,0.0,167998.0,93998.11275167785,43011.6265248876,3.0,12.0,32.588,33.80244080536913,16.683556579464806,0.000118126,0.0,0.0,100.0,127.0,0.0,0.0,gurobi-13.0.2/restricted,0.0,0.0,0.0,0.0,0.0,0.0,0.0,0.0,0.0,0.0,0.0,0.0
ab11,ab11rot,1,40,150,100,0.6325,0.6326682580707258,0.05310205148619106,0.5669361543624161,0.27187579776068654,4.248905637583893,0.004501340787897548,13425.4,7169.427181208054,2243.410003883883,2.0,12.0,25.9786,25.168792617449665,7.843715376088453,7.84525e-05,0.0,0.0,0.0,64.0,3044.0,0.0,gurobi-13.0.2/restricted,31.0,0.0,31.0,0.0,31.0,0.0,31.0,0.0,31.0,0.0,4616.0,0.0
ab11,ab11rot,1,100,150,100,0.9647,0.9706218787980233,0.046476995690713306,1.1664683288590605,0.5792876956416891,0.0,0.0,9810.34,6538.029731543625,1508.7153478035261,3.0,12.0,26.0243,25.543997986577182,9.668283492228769,7.85143e-05,0.0,0.0,0.0,124.0,5825.0,0.0,gurobi-13.0.2/restricted,58.0,0.0,58.0,0.0,58.0,0.0,58.0,0.0,58.0,0.0,8877.0,0.0
ab11,ab11rot,2,40,150,100,0.946,0.9491823639079119,0.04023891118907763,1.2741036711409397,0.4886471117721537,0.0,0.0,17588.6,12785.887852348993,5343.208200324173,0.0,0.0,29.3021,25.430210604026847,10.414368472076717,7.72619e-05,0.0,,0.0,99.0,12097.0,0.735294,gurobi-13.0.2/restricted,16.0,0.0,16.0,0.0,16.0,0.0,16.0,0.0,16.0,0.0,2306.0,0.0
ab11,ab11rot,2,100,150,100,0.9828,0.9838788352003645,0.022454407478575984,2.24737644295302,1.102630604992384,0.0,0.0,20086.4,14264.916375838926,3713.9029122848838,0.0,0.0,32.8146,25.596972617449666,11.763134368470098,8.13302e-05,0.0,,0.0,168.0,22832.0,0.752747,gurobi-13.0.2/restricted,40.0,0.0,40.0,0.0,40.0,0.0,40.0,0.0,40.0,0.0,6014.0,0.0
ab11,ab11rot,3,40,150,100,0.6103,0.6119233244600303,0.17862167739566287,0.0,0.0,0.0,0.0,115311.0,71832.87382550335,26287.229914719333,2.0,12.0,24.376,23.992142953020135,8.388987951841488,7.56401e-05,0.0,0.0,0.0,142.0,52320.0,0.0,gurobi-13.0.2/restricted,16.0,0.0,16.0,0.0,16.0,0.0,16.0,0.0,16.0,0.0,2368.0,0.0
ab11,ab11rot,3,100,150,100,,0.0,0.0,0.0,0.0,0.0,0.0,167998.0,93998.08389261745,43011.58916794039,3.0,12.0,24.9125,24.633106845637585,9.012168816527652,7.38767e-05,0.0,0.0,0.0,264.0,201792.0,0.0,gurobi-13.0.2/restricted,64.0,0.0,64.0,0.0,64.0,0.0,64.0,0.0,64.0,0.0,9468.0,0.0
ab11,ab11rot,4,40,150,100,0.6573,0.6734196773212737,0.16245811980748878,0.0,0.0,0.0,0.0,10273.1,10269.0644295302,34.59780965217672,0.0,0.0,24.8027,24.52219268456376,8.351365050746196,7.70309e-05,0.0,,0.0,199.0,260384.0,0.344262,gurobi-13.0.2/restricted,0.0,0.0,0.0,0.0,0.0,0.0,0.0,0.0,0.0,0.0,0.0,0.0
ab11,ab11rot,4,100,150,100,0.6454,0.6688359362152476,0.17918383438097762,0.09015265570469799,0.04056717785675916,0.0,0.0,11443.4,11425.396644295302,101.96257795963905,0.0,0.0,24.9906,24.60343080536913,8.411330195615426,7.56317e-05,0.0,,0.0,203.0,637147.0,0.183673,gurobi-13.0.2/restricted,3.0,0.0,3.0,0.0,3.0,0.0,3.0,0.0,3.0,0.0,460.0,0.0
ab11,ab11norot,1,40,150,100,0.6363,0.6381682201848848,0.05953337753774946,0.5658701744966443,0.2715104986378493,4.258428657718121,0.004520296904443233,12786.4,7129.255838926175,1876.9481238715239,2.0,12.0,25.9569,25.050901140939597,8.259350738159931,7.68736e-05,0.0,0.0,0.0,30.0,2159.0,0.0,gurobi-13.0.2/restricted,30.0,30.0,30.0,30.0,30.0,30.0,30.0,30.0,30.0,30.0,4591.0,4591.0
ab11,ab11norot,1,100,150,100,0.9738,0.97546993108646,0.03314630157635637,0.9963648724832215,0.4795678326874529,0.0,0.0,9824.8,5520.455973154362,1466.5548414580064,3.0,12.0,26.7255,26.027901946308724,8.636150478916722,8.09311e-05,0.0,0.0,0.0,60.0,4204.0,0.0,gurobi-13.0.2/restricted,60.0,60.0,60.0,60.0,60.0,60.0,60.0,60.0,60.0,60.0,8934.0,8934.0
ab11,ab11norot,2,40,150,100,0.9515,0.9513980942759265,0.03893364564011162,1.2640993825503355,0.4876962472855387,0.0,0.0,7518.54,7433.856912751678,197.50841085106183,0.0,0.0,30.0113,26.03426879194631,10.655988880464658,7.65985e-05,0.0,,0.0,90.0,11368.0,0.728155,gurobi-13.0.2/restricted,16.0,16.0,16.0,16.0,16.0,16.0,16.0,16.0,16.0,16.0,2496.0,2496.0
ab11,ab11norot,2,100,150,100,0.9781,0.9790538953903333,0.026003678773002376,2.500200067114094,1.1328044762906007,0.0,0.0,30532.7,19448.910067114095,5827.596985479274,0.0,0.0,33.3845,26.28801100671141,11.245106875318193,7.60864e-05,0.0,,0.0,177.0,23397.0,0.773684,gurobi-13.0.2/restricted,37.0,37.0,37.0,37.0,37.0,37.0,37.0,37.0,37.0,37.0,5077.0,5077.0
ab11,ab11norot,3,40,150,100,0.6103,0.6119233244600303,0.17862167739566287,0.0,0.0,0.0,0.0,115311.0,71832.87382550335,26287.229914719333,2.0,12.0,24.376,23.992142953020135,8.388987951841488,7.90684e-05,0.0,0.0,0.0,142.0,52320.0,0.0,gurobi-13.0.2/restricted,16.0,16.0,16.0,16.0,16.0,16.0,16.0,16.0,16.0,16.0,2368.0,2368.0
ab11,ab11norot,3,100,150,100,,0.0,0.0,0.0,0.0,0.0,0.0,167998.0,93998.08389261745,43011.58916794039,3.0,12.0,24.9125,24.633106845637585,9.012168816527652,7.53411e-05,0.0,0.0,0.0,264.0,201792.0,0.0,gurobi-13.0.2/restricted,64.0,64.0,64.0,64.0,64.0,64.0,64.0,64.0,64.0,64.0,9468.0,9468.0
ab11,ab11norot,4,40,150,100,0.6573,0.6734196773212737,0.16245811980748878,0.0,0.0,0.0,0.0,10273.1,10269.0644295302,34.59780965217672,0.0,0.0,24.8027,24.52219268456376,8.351365050746196,7.54116e-05,0.0,,0.0,199.0,260384.0,0.344262,gurobi-13.0.2/restricted,0.0,0.0,0.0,0.0,0.0,0.0,0.0,0.0,0.0,0.0,0.0,0.0
ab11,ab11norot,4,100,150,100,0.6469,0.6702643814108729,0.17894640794410577,0.14703451208053692,0.06351474592900477,0.0,0.0,11528.1,11510.997315436241,100.43769376266854,0.0,0.0,25.3444,24.967923825503355,9.404133355344776,7.40666e-05,0.0,,0.0,205.0,636764.0,0.183673,gurobi-13.0.2/restricted,5.0,5.0,5.0,5.0,5.0,5.0,5.0,5.0,5.0,5.0,743.0,743.0
ab13,ab13full,1,40,10,55,0.6948,0.6963278180984841,0.04908388797095794,7.9493482550335575,0.4378516964577331,4.157124765100671,0.4867613493140337,10792.9,8108.423422818792,2767.5407927153155,2.0,12.0,31.0415,30.372422147651008,11.891513338680074,8.05667e-05,0.0,0.0,0.0,91.0,0.0,0.0,gurobi-13.0.2/restricted,0.0,0.0,0.0,0.0,0.0,0.0,0.0,0.0,0.0,0.0,0.0,0.0
ab13,ab13sub,1,40,10,55,0.6948,0.6963278180984841,0.04908388797095794,7.9493482550335575,0.4378516964577331,3.9518274496644294,0.737005584475354,10792.9,8108.423422818792,2767.5407927153155,2.0,12.0,31.0415,30.372422147651008,11.891513338680074,8.63671e-05,0.0,0.0,0.0,91.0,0.0,0.0,gurobi-13.0.2/restricted,0.0,0.0,0.0,0.0,0.0,0.0,0.0,0.0,0.0,0.0,0.0,0.0
ab13,ab13fullE,1,40,10,55,0.6569,0.6530189521922743,0.07838818327410382,0.5198213825503356,0.1942934484570962,4.0589760402684565,0.5672333804437902,16694.7,10500.98201342282,4712.803581357956,2.0,12.0,27.8164,27.53910268456376,9.44524931964892,8.26223e-05,0.0,0.0,0.0,109.0,4300.0,0.0,gurobi-13.0.2/restricted,0.0,0.0,0.0,0.0,0.0,0.0,0.0,0.0,0.0,0.0,0.0,0.0
ab13,ab13subE,1,40,10,55,0.6633,0.6616847543701712,0.06483277812013813,0.5198213825503356,0.1942934484570962,3.827521677852349,0.872048666952382,16694.7,10500.98201342282,4712.803581357956,2.0,12.0,27.8164,27.53910268456376,9.44524931964892,8.02813e-05,0.0,0.0,0.0,109.0,4300.0,0.0,gurobi-13.0.2/restricted,0.0,0.0,0.0,0.0,0.0,0.0,0.0,0.0,0.0,0.0,0.0,0.0
ab13,ab13full,1,40,10,100,0.6929,0.6959615939607781,0.06201871664387275,7.666907114093959,0.2164906784275802,4.152648590604027,0.5023716672668855,7923.87,5095.1856375838925,2731.1422539051687,2.0,12.0,36.1944,35.10953617449665,22.584061048299297,8.3075e-05,0.0,0.0,0.0,83.0,0.0,0.0,gurobi-13.0.2/restricted,0.0,0.0,0.0,0.0,0.0,0.0,0.0,0.0,0.0,0.0,0.0,0.0
ab13,ab13sub,1,40,10,100,0.6929,0.6959615939607781,0.06201871664387275,7.666907114093959,0.2164906784275802,3.9200042281879193,0.8062913158873851,7923.87,5095.1856375838925,2731.1422539051687,2.0,12.0,36.1944,35.10953617449665,22.584061048299297,8.4047e-05,0.0,0.0,0.0,83.0,0.0,0.0,gurobi-13.0.2/restricted,0.0,0.0,0.0,0.0,0.0,0.0,0.0,0.0,0.0,0.0,0.0,0.0
ab13,ab13fullE,1,40,10,100,0.6491,0.6507210108590646,0.059313543894263285,0.5628176577181208,0.23867809810656854,3.887903288590604,0.4876330637859156,9454.39,5448.974563758389,3001.2638309510785,2.0,12.0,28.1945,27.714676510067115,8.277980719296556,8.33799e-05,0.0,0.0,0.0,75.0,3325.0,0.0,gurobi-13.0.2/restricted,0.0,0.0,0.0,0.0,0.0,0.0,0.0,0.0,0.0,0.0,0.0,0.0
ab13,ab13subE,1,40,10,100,0.6491,0.6507210108590646,0.059313543894263285,0.5628176577181208,0.23867809810656854,3.655699731543624,0.7938027959937183,9454.39,5448.974563758389,3001.2638309510785,2.0,12.0,28.1945,27.714676510067115,8.277980719296556,8.43123e-05,0.0,0.0,0.0,75.0,3325.0,0.0,gurobi-13.0.2/restricted,0.0,0.0,0.0,0.0,0.0,0.0,0.0,0.0,0.0,0.0,0.0,0.0
ab13,ab13full,1,40,10,200,0.7085,0.7111316485071136,0.0627472917133299,7.567272818791946,0.33486172893821514,4.15231322147651,0.5029514157628051,9281.78,6241.567181208054,2789.850655533851,2.0,12.0,38.7806,38.21182013422819,24.26068558653531,8.26289e-05,0.0,0.0,0.0,55.0,0.0,0.0,gurobi-13.0.2/restricted,0.0,0.0,0.0,0.0,0.0,0.0,0.0,0.0,0.0,0.0,0.0,0.0
ab13,ab13sub,1,40,10,200,0.7085,0.7111316485071136,0.0627472917133299,7.567272818791946,0.33486172893821514,3.9527436912751677,0.7351813499264404,9281.78,6241.567181208054,2789.850655533851,2.0,12.0,38.7806,38.21182013422819,24.26068558653531,8.13154e-05,0.0,0.0,0.0,55.0,0.0,0.0,gurobi-13.0.2/restricted,0.0,0.0,0.0,0.0,0.0,0.0,0.0,0.0,0.0,0.0,0.0,0.0
ab13,ab13fullE,1,40,10,200,0.6463,0.6481531238130097,0.07591104047644025,0.4458949798657718,0.18721960214404032,3.9615740939597317,0.42541934646297463,10597.1,6236.799932885906,3140.265141768238,2.0,12.0,27.7947,27.487970469798658,8.221800206371498,8.37405e-05,0.0,0.0,0.0,71.0,3298.0,0.0,gurobi-13.0.2/restricted,0.0,0.0,0.0,0.0,0.0,0.0,0.0,0.0,0.0,0.0,0.0,0.0
ab13,ab13subE,1,40,10,200,0.6463,0.6481531238130097,0.07591104047644025,0.4458949798657718,0.18721960214404032,3.729826644295302,0.7276052741096846,10597.1,6236.799932885906,3140.265141768238,2.0,12.0,27.7947,27.487970469798658,8.221800206371498,8.63856e-05,0.0,0.0,0.0,71.0,3298.0,0.0,gurobi-13.0.2/restricted,0.0,0.0,0.0,0.0,0.0,0.0,0.0,0.0,0.0,0.0,0.0,0.0
ab13,ab13full,1,40,60,55,0.6239,0.6248901182709666,0.05368406833411309,5.31555899328859,0.5205623021358988,4.691903154362416,0.07869223745934997,6893.86,6977.240469798658,509.60054232180596,2.0,12.0,20.4902,20.71487402684564,10.392554341373309,7.4123e-05,0.0,0.0,0.0,58.0,0.0,0.0833333,gurobi-13.0.2/restricted,0.0,0.0,0.0,0.0,0.0,0.0,0.0,0.0,0.0,0.0,0.0,0.0
ab13,ab13sub,1,40,60,55,0.6239,0.6248911569157023,0.05406821223643731,5.31555899328859,0.5205623021358988,4.350318187919463,0.14924993033871864,6893.86,6977.240469798658,509.60054232180596,2.0,12.0,20.4902,20.71487402684564,10.392554341373309,7.37017e-05,0.0,0.0,0.0,58.0,0.0,0.0833333,gurobi-13.0.2/restricted,0.0,0.0,0.0,0.0,0.0,0.0,0.0,0.0,0.0,0.0,0.0,0.0
ab13,ab13fullE,1,40,60,55,0.5946,0.5989508246339815,0.06110266129059322,0.7546785704697987,0.3615850758303663,4.437532550335571,0.079468342902675,8232.64,7729.791006711409,1268.1627971969087,2.0,12.0,18.862,18.952868389261745,8.12741258429065,7.36801e-05,0.0,0.0,0.0,71.0,1834.0,0.0,gurobi-13.0.2/restricted,0.0,0.0,0.0,0.0,0.0,0.0,0.0,0.0,0.0,0.0,0.0,0.0
ab13,ab13subE,1,40,60,55,0.5946,0.5989508246339815,0.06110266129059322,0.7546785704697987,0.3615850758303663,4.074374295302014,0.19669906726288075,8232.64,7729.791006711409,1268.1627971969087,2.0,12.0,18.862,18.952868389261745,8.12741258429065,7.52493e-05,0.0,0.0,0.0,71.0,1834.0,0.0,gurobi-13.0.2/restricted,0.0,0.0,0.0,0.0,0.0,0.0,0.0,0.0,0.0,0.0,0.0,0.0
ab13,ab13full,1,40,60,100,0.6262,0.6254370477858966,0.04550702267304354,4.679137516778524,0.505087178568449,4.447750872483222,0.07832104880436652,6422.97,6628.713825503356,153.90986489133448,2.0,12.0,22.3447,21.769240134228188,13.142380884332658,7.41686e-05,0.0,0.0,0.0,33.0,0.0,0.0454545,gurobi-13.0.2/restricted,0.0,0.0,0.0,0.0,0.0,0.0,0.0,0.0,0.0,0.0,0.0,0.0
ab13,ab13sub,1,40,60,100,0.6277,0.6269519876912628,0.04526221637001507,4.679137516778524,0.505087178568449,4.0762327516778525,0.19439634072445686,6422.97,6628.713825503356,153.90986489133448,2.0,12.0,22.3447,21.769240134228188,13.142380884332658,7.38953e-05,0.0,0.0,0.0,33.0,0.0,0.0454545,gurobi-13.0.2/restricted,0.0,0.0,0.0,0.0,0.0,0.0,0.0,0.0,0.0,0.0,0.0,0.0
ab13,ab13fullE,1,40,60,100,0.5899,0.5919423364267077,0.06736240850277257,0.7685939261744966,0.3550566232296234,4.447691073825504,0.0786587573397232,8980.91,7850.424295302014,1191.711886193825,2.0,12.0,19.1578,19.0702666442953,8.075316708125094,7.60085e-05,0.0,0.0,0.0,58.0,1560.0,0.0,gurobi-13.0.2/restricted,0.0,0.0,0.0,0.0,0.0,0.0,0.0,0.0,0.0,0.0,0.0,0.0
ab13,ab13subE,1,40,60,100,0.5943,0.5939043993303317,0.05674816968817759,0.7685939261744966,0.3550566232296234,4.083673154362415,0.1964834488993723,8980.91,7850.424295302014,1191.711886193825,2.0,12.0,19.1578,19.0702666442953,8.075316708125094,7.5457e-05,0.0,0.0,0.0,58.0,1560.0,0.0,gurobi-13.0.2/restricted,0.0,0.0,0.0,0.0,0.0,0.0,0.0,0.0,0.0,0.0,0.0,0.0
ab13,ab13full,1,40,60,200,0.6255,0.6248333836685277,0.04745944180257105,4.953658724832215,0.5064630053885802,4.457694161073825,0.07849522460660374,5330.72,4540.417181208054,582.382103622907,2.0,12.0,24.7262,24.408419261744967,16.223725939410325,7.50019e-05,0.0,0.0,0.0,52.0,0.0,0.0434783,gurobi-13.0.2/restricted,0.0,0.0,0.0,0.0,0.0,0.0,0.0,0.0,0.0,0.0,0.0,0.0
ab13,ab13sub,1,40,60,200,0.6255,0.6248333836685277,0.04745944180257105,4.953658724832215,0.5064630053885802,4.085353355704698,0.1948323811737668,5330.72,4540.417181208054,582.382103622907,2.0,12.0,24.7262,24.408419261744967,16.223725939410325,7.11543e-05,0.0,0.0,0.0,52.0,0.0,0.0434783,gurobi-13.0.2/restricted,0.0,0.0,0.0,0.0,0.0,0.0,0.0,0.0,0.0,0.0,0.0,0.0
ab13,ab13fullE,1,40,60,200,0.5947,0.5979430658917274,0.06685601464003306,0.6780276644295302,0.3302127152583875,4.6812832885906035,0.07922521818567445,4592.84,4676.920134228188,259.7426846454538,2.0,12.0,19.7448,18.42670422818792,7.012900591427047,7.31565e-05,0.0,0.0,0.0,68.0,2055.0,0.0,gurobi-13.0.2/restricted,0.0,0.0,0.0,0.0,0.0,0.0,0.0,0.0,0.0,0.0,0.0,0.0
ab13,ab13subE,1,40,60,200,0.5947,0.5979430658917274,0.06685601464003306,0.6780276644295302,0.3302127152583875,4.340473624161074,0.14933232577856642,4592.84,4676.920134228188,259.7426846454538,2.0,12.0,19.7448,18.42670422818792,7.012900591427047,7.52456e-05,0.0,0.0,0.0,68.0,2055.0,0.0,gurobi-13.0.2/restricted,0.0,0.0,0.0,0.0,0.0,0.0,0.0,0.0,0.0,0.0,0.0,0.0
ab13,ab13full,1,40,100,55,0.6287,0.6282346072082855,0.0612952391580472,5.507512818791946,0.6120431163016121,4.315976308724832,0.1174084136012454,7866.96,6639.023758389261,917.5637766225121,2.0,12.0,20.963,20.89499644295302,11.107888112248837,7.33821e-05,0.0,0.0,0.0,71.0,0.0,0.04,gurobi-13.0.2/restricted,0.0,0.0,0.0,0.0,0.0,0.0,0.0,0.0,0.0,0.0,0.0,0.0
ab13,ab13sub,1,40,100,55,0.6287,0.6282346072082855,0.0612952391580472,5.507512818791946,0.6120431163016121,4.178154429530201,0.24680769272811431,7866.96,6639.023758389261,917.5637766225121,2.0,12.0,20.963,20.89499644295302,11.107888112248837,6.94676e-05,0.0,0.0,0.0,71.0,0.0,0.04,gurobi-13.0.2/restricted,0.0,0.0,0.0,0.0,0.0,0.0,0.0,0.0,0.0,0.0,0.0,0.0
ab13,ab13fullE,1,40,100,55,0.6067,0.609685584849598,0.06298511037406637,0.7273866308724832,0.36452378871839825,4.477890469798658,0.03777516696689249,5609.08,5796.5722147651,233.75216973861632,2.0,12.0,17.8289,17.923008322147652,7.287852896875723,7.60414e-05,0.0,0.0,0.0,55.0,1441.0,0.0,gurobi-13.0.2/restricted,0.0,0.0,0.0,0.0,0.0,0.0,0.0,0.0,0.0,0.0,0.0,0.0
ab13,ab13subE,1,40,100,55,0.6067,0.609685584849598,0.06298511037406637,0.7273866308724832,0.36452378871839825,4.334977046979866,0.16850405097595295,5609.08,5796.5722147651,233.75216973861632,2.0,12.0,17.8289,17.923008322147652,7.287852896875723,7.45406e-05,0.0,0.0,0.0,55.0,1441.0,0.0,gurobi-13.0.2/restricted,0.0,0.0,0.0,0.0,0.0,0.0,0.0,0.0,0.0,0.0,0.0,0.0
ab13,ab13full,1,40,100,100,0.6196,0.62029940214341,0.05352510356205182,5.420005771812081,0.35526453809203445,4.46820067114094,0.03654840094491281,8484.23,6622.729395973154,1343.7399262881852,2.0,12.0,21.3349,21.275424697986576,14.85325145378169,7.23743e-05,0.0,0.0,0.0,60.0,0.0,0.0416667,gurobi-13.0.2/restricted,0.0,0.0,0.0,0.0,0.0,0.0,0.0,0.0,0.0,0.0,0.0,0.0
ab13,ab13sub,1,40,100,100,0.6196,0.62029940214341,0.05352510356205182,5.420005771812081,0.35526453809203445,4.351094093959731,0.12292866186288913,8484.23,6622.729395973154,1343.7399262881852,2.0,12.0,21.3349,21.275424697986576,14.85325145378169,7.61085e-05,0.0,0.0,0.0,60.0,0.0,0.0416667,gurobi-13.0.2/restricted,0.0,0.0,0.0,0.0,0.0,0.0,0.0,0.0,0.0,0.0,0.0,0.0
ab13,ab13fullE,1,40,100,100,0.6054,0.6037600398422742,0.05992565931836498,0.6753860268456375,0.31168292628450867,4.011464093959732,0.037783944568190724,11060.4,7809.538724832215,1450.1222673150025,2.0,12.0,18.0971,17.665847919463086,7.149397739509325,7.62294e-05,0.0,0.0,0.0,76.0,2007.0,0.0,gurobi-13.0.2/restricted,0.0,0.0,0.0,0.0,0.0,0.0,0.0,0.0,0.0,0.0,0.0,0.0
ab13,ab13subE,1,40,100,100,0.6054,0.6037600398422742,0.05992565931836498,0.6753860268456375,0.31168292628450867,3.873684630872483,0.16267598234396846,11060.4,7809.538724832215,1450.1222673150025,2.0,12.0,18.0971,17.665847919463086,7.149397739509325,7.0734e-05,0.0,0.0,0.0,76.0,2007.0,0.0,gurobi-13.0.2/restricted,0.0,0.0,0.0,0.0,0.0,0.0,0.0,0.0,0.0,0.0,0.0,0.0
ab13,ab13full,1,40,100,200,0.6196,0.6185677876154602,0.0532546962349406,5.039671208053691,0.40769999124061923,4.082222416107382,0.14253320496049354,9339.77,8597.116174496645,1090.5098562239627,2.0,12.0,24.4657,24.070037919463086,19.428457408295216,7.72548e-05,0.0,0.0,0.0,40.0,0.0,0.0434783,gurobi-13.0.2/restricted,0.0,0.0,0.0,0.0,0.0,0.0,0.0,0.0,0.0,0.0,0.0,0.0
ab13,ab13sub,1,40,100,200,0.624,0.6235710794917845,0.05383159235660751,5.039671208053691,0.40769999124061923,3.9399087919463085,0.2761682305935,9290.31,8547.485503355705,1090.8862940835663,2.0,12.0,24.4657,24.070037919463086,19.428457408295216,6.9504e-05,0.0,0.0,0.0,40.0,0.0,0.0434783,gurobi-13.0.2/restricted,0.0,0.0,0.0,0.0,0.0,0.0,0.0,0.0,0.0,0.0,0.0,0.0
ab13,ab13fullE,1,40,100,200,0.5858,0.5806007563348743,0.09715035649564664,0.6961095369127517,0.29013627452256385,4.477890469798658,0.03777516696689249,12286.5,7458.064563758389,1773.3495059571594,2.0,12.0,18.9344,18.816456711409398,8.389199427742044,6.63542e-05,0.0,0.0,0.0,64.0,3123.0,0.0,gurobi-13.0.2/restricted,0.0,0.0,0.0,0.0,0.0,0.0,0.0,0.0,0.0,0.0,0.0,0.0
ab13,ab13subE,1,40,100,200,0.5858,0.5806007563348743,0.09715035649564664,0.6961095369127517,0.29013627452256385,4.3394915436241615,0.16335494921546678,12286.5,7458.064563758389,1773.3495059571594,2.0,12.0,18.9344,18.816456711409398,8.389199427742044,6.8247e-05,0.0,0.0,0.0,64.0,3123.0,0.0,gurobi-13.0.2/restricted,0.0,0.0,0.0,0.0,0.0,0.0,0.0,0.0,0.0,0.0,0.0,0.0
ab13,ab13full,1,40,140,55,0.6352,0.6341015400677128,0.05137095506501405,5.266009463087248,0.40042905803211915,4.440260268456376,0.08661613047028865,6968.09,7029.959463087248,539.9204812664426,2.0,12.0,20.5353,20.69915,10.991017307490377,7.10856e-05,0.0,0.0,0.0,73.0,0.0,0.0434783,gurobi-13.0.2/restricted,0.0,0.0,0.0,0.0,0.0,0.0,0.0,0.0,0.0,0.0,0.0,0.0
ab13,ab13sub,1,40,140,55,0.6367,0.6353988861709953,0.04996741896855778,5.266009463087248,0.40042905803211915,4.175104765100671,0.25019866221184295,6968.09,7029.959463087248,539.9204812664426,2.0,12.0,20.5353,20.69915,10.991017307490377,7.27197e-05,0.0,0.0,0.0,73.0,0.0,0.0434783,gurobi-13.0.2/restricted,0.0,0.0,0.0,0.0,0.0,0.0,0.0,0.0,0.0,0.0,0.0,0.0
ab13,ab13fullE,1,40,140,55,0.5712,0.5644102266558203,0.09952218048746939,0.7370832751677853,0.3595357287978476,4.47782677852349,0.038164401580679255,6712.26,6628.985906040269,313.2536552286533,2.0,12.0,18.6455,18.990103087248322,7.702781883727575,7.14006e-05,0.0,0.0,0.0,76.0,1943.0,0.0,gurobi-13.0.2/restricted,0.0,0.0,0.0,0.0,0.0,0.0,0.0,0.0,0.0,0.0,0.0,0.0
ab13,ab13subE,1,40,140,55,0.5712,0.5644102266558203,0.09952218048746939,0.7370832751677853,0.3595357287978476,4.360478590604027,0.12396243258602385,6712.26,6628.985906040269,313.2536552286533,2.0,12.0,18.6455,18.990103087248322,7.702781883727575,7.12502e-05,0.0,0.0,0.0,76.0,1943.0,0.0,gurobi-13.0.2/restricted,0.0,0.0,0.0,0.0,0.0,0.0,0.0,0.0,0.0,0.0,0.0,0.0
ab13,ab13full,1,40,140,100,0.6223,0.6211730259172119,0.04321577422830047,4.949141409395973,0.5419052884818442,4.468264362416107,0.03615872648619624,7365.56,6467.881208053692,712.5271704179256,2.0,12.0,22.8643,23.952584362416108,16.310679833709248,7.17901e-05,0.0,0.0,0.0,60.0,0.0,0.08,gurobi-13.0.2/restricted,0.0,0.0,0.0,0.0,0.0,0.0,0.0,0.0,0.0,0.0,0.0,0.0
ab13,ab13sub,1,40,140,100,0.6253,0.6238840089564643,0.04128789215556945,4.949141409395973,0.5419052884818442,4.351154429530201,0.12276719002029776,7365.56,6467.881208053692,712.5271704179256,2.0,12.0,22.8643,23.952584362416108,16.310679833709248,7.17649e-05,0.0,0.0,0.0,60.0,0.0,0.08,gurobi-13.0.2/restricted,0.0,0.0,0.0,0.0,0.0,0.0,0.0,0.0,0.0,0.0,0.0,0.0
ab13,ab13fullE,1,40,140,100,0.6044,0.6065591762563268,0.05152946758157411,0.6372001610738255,0.3087661695672348,4.2185422147651,0.08505648785346885,11367.8,7822.298724832215,1172.303705455437,2.0,12.0,18.579,18.386761140939598,7.452455050883814,7.13578e-05,0.0,0.0,0.0,54.0,1511.0,0.0,gurobi-13.0.2/restricted,0.0,0.0,0.0,0.0,0.0,0.0,0.0,0.0,0.0,0.0,0.0,0.0
ab13,ab13subE,1,40,140,100,0.6,0.6001814952711891,0.04752118864552519,0.6372001610738255,0.3087661695672348,3.951890134228188,0.2501893742237639,11367.8,7822.298724832215,1172.303705455437,2.0,12.0,18.579,18.386761140939598,7.452455050883814,7.04847e-05,0.0,0.0,0.0,54.0,1511.0,0.0,gurobi-13.0.2/restricted,0.0,0.0,0.0,0.0,0.0,0.0,0.0,0.0,0.0,0.0,0.0,0.0
ab13,ab13full,1,40,140,200,0.62,0.6183054451694213,0.05897516951474501,4.96248322147651,0.36683399618181894,4.082275838926174,0.14234012250698289,7196.83,7072.876644295302,320.72329481720493,2.0,12.0,24.9351,25.504778523489932,21.705663973129514,6.90042e-05,0.0,0.0,0.0,41.0,0.0,0.0416667,gurobi-13.0.2/restricted,0.0,0.0,0.0,0.0,0.0,0.0,0.0,0.0,0.0,0.0,0.0,0.0
ab13,ab13sub,1,40,140,200,0.62,0.6183054451694213,0.05897516951474501,4.96248322147651,0.36683399618181894,3.9414535570469797,0.27462779837023593,7196.83,7072.876644295302,320.72329481720493,2.0,12.0,24.9351,25.504778523489932,21.705663973129514,7.26083e-05,0.0,0.0,0.0,41.0,0.0,0.0416667,gurobi-13.0.2/restricted,0.0,0.0,0.0,0.0,0.0,0.0,0.0,0.0,0.0,0.0,0.0,0.0
ab13,ab13fullE,1,40,140,200,0.5707,0.5728568664984499,0.06101227237289177,0.7193808389261745,0.32437566238776955,4.335327986577181,0.11793049642289385,9630.35,7659.097248322148,1696.7211796110607,2.0,12.0,18.7732,18.73016590604027,6.936424579216085,7.39644e-05,0.0,0.0,0.0,66.0,1742.0,0.0,gurobi-13.0.2/restricted,0.0,0.0,0.0,0.0,0.0,0.0,0.0,0.0,0.0,0.0,0.0,0.0
ab13,ab13subE,1,40,140,200,0.5773,0.5794905909569033,0.06834510015718652,0.7193808389261745,0.32437566238776955,4.184845838926175,0.2526712969202942,9630.35,7659.097248322148,1696.7211796110607,2.0,12.0,18.7732,18.73016590604027,6.936424579216085,6.97959e-05,0.0,0.0,0.0,66.0,1742.0,0.0,gurobi-13.0.2/restricted,0.0,0.0,0.0,0.0,0.0,0.0,0.0,0.0,0.0,0.0,0.0,0.0
