ablation,pen,A1,A2,A3,A4,macro,note
full,20,0.5431,0.777,0.3114,0.7236,0.58775,
full,40,0.6457,0.8859,0.5548,0.6699,0.689075,
full,60,0.6457,0.9202,0.5548,0.6837,0.7011,
full,80,0.7536,0.9377,0.5971,0.6824,0.7427,
full,100,0.7683,0.9388,,0.6882,0.798433,A3 degenerate@p100 (excluded)
AB1,20,0.4532,0.3068,0.3114,0.7436,0.4538,
AB1,40,0.344,0.337,0.557,0.6874,0.4814,
AB1,60,0.344,0.3383,0.557,0.6645,0.4759,
AB1,80,0.2934,0.3048,0.5831,0.6996,0.4702,
AB1,100,0.2583,0.2874,,0.7006,0.4154,A3 degenerate@p100 (excluded)
AB8,20,0.5521,0.7961,0.6007,0.6898,0.6597,
AB8,40,0.6404,0.8806,0.8712,0.6649,0.7643,
AB8,60,0.6404,0.9287,0.8712,0.6412,0.7704,
AB8,80,0.7433,0.952,0.7598,0.6593,0.7786,
AB8,100,0.7587,0.9374,,0.658,0.7847,A3 degenerate@p100 (excluded)
