exp,nveh,arm,attack,MCC,DR,FPR,lat_ms
3,100,PHANTOM,1,0.687,100.0,16.7,26.6921
3,100,PHANTOM,2,0.8542,100.0,10.7,136.128
3,100,PHANTOM,3,0.6154,61.2,3.6,21.0044
3,100,PHANTOM,4,0.7159,86.3,14.4,27.8422
3,100,PHANTOM,macro,0.718125,86.875,11.35,
3,100,TAP,1,0.287645,,,26.6566
3,100,TAP,2,0.480094,,,136.128
3,150,PHANTOM,1,0.6572,100.0,19.0,25.6666
3,150,PHANTOM,2,0.9023,100.0,7.4,82.4679
3,150,PHANTOM,3,0.5933,63.6,6.9,21.416
3,150,PHANTOM,4,0.6648,83.9,15.4,27.2868
3,150,PHANTOM,macro,0.7044,86.875,12.174999999999999,
3,150,TAP,1,0.163079,,,24.914
3,150,TAP,2,0.451292,,,82.4679
3,200,PHANTOM,1,0.638,100.0,22.8,36.3361
3,200,PHANTOM,2,0.912,100.0,7.3,126.334
3,200,PHANTOM,3,0.6138,69.6,9.6,27.974
3,200,PHANTOM,4,0.6722,88.6,20.9,33.6569
3,200,PHANTOM,macro,0.7090000000000001,89.55000000000001,15.15,
3,200,TAP,1,0.191633,,,35.662
3,200,TAP,2,0.428302,,,126.334
